Input,Target,Prediction
ank,अंक,कनकं
anka,अंक,कंका
ankit,अंकित,कांकीतित
anakon,अंकों,नाकों
ankhon,अंकों,कंखों
ankon,अंकों,कंकोणों
angkor,अंकोर,अंगकोर
ankor,अंकोर,कंकोर
angaarak,अंगारक,अंगारक
angarak,अंगारक,गंगारक
angraji,अंग्रज़ी,अंग्रजी
angreji,अंग्रज़ी,अंग्रेजी
angrzi,अंग्रज़ी,अंग्रजी
antah,अंतः,ंटाहाठः
antaha,अंतः,टंठाहा
antarmukh,अंतर्मुख,अंतरमुख
antmurkh,अंतर्मुख,अंतमूर्ख
antrmukh,अंतर्मुख,अंतर्मुख
andrabee,अंद्राबी,अंद्रबी
andrabi,अंद्राबी,अंद्रबी
andha,अंधा,धंधा
andhapan,अंधापन,अंधापन
andheri,अंधेरी,अंधेरी
ambaani,अंबानी,अंबानी
ambani,अंबानी,अंबनी
akram,अकरम,आक्रम
acapulco,अकापुल्को,अकापुलोकों
akapulko,अकापुल्को,अकापुलकों
akhand,अखंड,ंडंडंड
akhil,अखिल,खैलिकल
agavai,अगवाई,गावाई
agvaai,अगवाई,गंवाई
augustine,अगस्टाइन,ऑगस्टिनें
augustustine,अगस्टाइन,ऑगस्टस्टिनें
agsta,अगस्ता,अग्सता
agusta,अगस्ता,अगुस्ता
augusta,अगस्ता,औगुस्ता
agr,अग्र,गार्ग्र
agra,अग्र,गार्गरा
achambha,अचंभा,अचंभा
achanbha,अचंभा,अचंवाभा
achievement,अचीवमेंट,अचीवेमेंत
achivement,अचीवमेंट,अचिवेमेंत
acchi,अच्छी,च्चीची
achchi,अच्छी,चाच्छी
achhi,अच्छी,च्छी
achyut,अच्युत,यचुतुत
achhanera,अछनेरा,अछ्नर
achnera,अछनेरा,अचनेरा
ajmeedh,अजमीढ़,मजमीध
ajhar,अजहर,जाधार
azhar,अजहर,जाहर
ajit,अजित,जीतित
agnat,अज्ञात,नग्नततात
agyaat,अज्ञात,ज्ञातात्ताता
agyat,अज्ञात,ज्ञातत्तता
atakta,अटकता,आतकता
atkata,अटकता,आत्कटा
atake,अटके,टटके
atke,अटके,टैके
atwaal,अटवाल,टटवाला
atwal,अटवाल,टटवाला
attahasa,अट्टहास,अत्ताहसा
atthaas,अट्टहास,ट्ठासास
atthas,अट्टहास,तट्ठस
addon,अड्डों,डेडों
athak,अथक,ठठक
atharv,अथर्व,तार्व
atharva,अथर्व,अथर्वा
adad,अदद,डाडड़
adaani,अदाणी,अदानी
adani,अदाणी,दानी
advait,अद्वैत,वाडवैतित
adwait,अद्वैत,दावैतित
advaitvaad,अद्वैतवाद,अद्वैत्वाद
advaitwad,अद्वैतवाद,अद्वैतवाद
adhivas,अधिवास,धाधिवास
adhiwas,अधिवास,धाधिवास
advivas,अधिवास,अद्वीवासावस
adhiik,अधीक,शाधिकि
adhik,अधीक,कढ़िक
adhyayanarat,अध्ययनरत,अध्ययनारत
adhyayanrat,अध्ययनरत,अध्ययनरत
adhyaynrat,अध्ययनरत,अध्ययनरताता
anant,अनंत,नांततंत
ananti,अनंती,अनंती
angadh,अनगढ़,गंगदध
angarh,अनगढ़,गंगरह
anchahe,अनचाहे,चंचेहे
anthak,अनथक,टंठक
unthak,अनथक,टंठक
anhoni,अनहोनी,अन्होणीनी
anaavashyak,अनावश्यक,अनावश्यक
anavashyak,अनावश्यक,अनावश्यक
anavshyak,अनावश्यक,अनावश्यक
anawashyak,अनावश्यक,अनावश्यक
anik,अनिक,नैकिक
anishwarvadi,अनीश्वरवादी,अनिश्वरवादी
anishwarwadi,अनीश्वरवादी,अनिश्वरवादी
anukoltha,अनुकूलता,अनुकोल्था
anukulata,अनुकूलता,अनुकुलता
anukulta,अनुकूलता,अनुकुलता
anuchit,अनुचित,अनुचित
anuprayogi,अनुप्रयोगों,अनुप्रयोगी
anuprayogon,अनुप्रयोगों,अनुप्रयोगों
anupryogon,अनुप्रयोगों,अनुप्रियोगों
anureet,अनुरीत,नुरीतित
anurit,अनुरीत,नुरीतित
anuthi,अनूठी,अनुठीठी
anudit,अनूदित,अनुदीतित
anyaay,अन्याय,यन्यायायायाय
anyay,अन्याय,यन्यायय
anyaya,अन्याय,अन्यायय
apnani,अपनानी,अपनानी
aparivartanshali,अपरिवर्तनशील,अपरिवर्तनशीली
aparivartansheel,अपरिवर्तनशील,अपरिवर्तनशील
aparivartanshil,अपरिवर्तनशील,अपरिवर्तनशीली
apariharya,अपरिहार्य,अपरिहार्य
aprihary,अपरिहार्य,अप्रिहार्य
apriyary,अपरिहार्य,अप्रियर्य
apavartit,अपवर्तित,अपवर्तीतित
apvartit,अपवर्तित,अपवर्तितित
apvtrit,अपवर्तित,अपवत्रित
apaardarshi,अपारदर्शी,अपरदर्शी
apardarshi,अपारदर्शी,अपरदर्शी
afroj,अफरोज,फार्फोज
afroz,अफरोज,फार्फोज
africa,अफ्रीका,अफ्रीका
abbaasi,अब्बासी,अब्बासी
abbasi,अब्बासी,बाबबीसी
abhimat,अभिमत,आभिमत्तत
abhishap,अभिशाप,भाभिषप
abhi,अभी,िभी
amjhera,अमझेरा,अमझेरा
amzera,अमझेरा,अमेरा
amargad,अमरगढ़,मार्गद
amargarh,अमरगढ़,अमरगढ़
amarpaal,अमरपाल,अमरपाल
amarpal,अमरपाल,मार्पला
amarohi,अमरोही,अमरोही
amrohi,अमरोही,अमरोही
amaanat,अमानत,मामनतात
amanat,अमानत,माननत
amanth,अमानत,मांतः
amaanati,अमानती,अमानती
amanathi,अमानती,अमानाथी
amanati,अमानती,अमानती
amavasya,अमावस्या,अमावस्याय
amavsya,अमावस्या,अमावस्याय
amit,अमित,माइटित
amitao,अमिताव,आमिताओं
amitav,अमिताव,अमितावाव
amuk,अमुक,कमुकुक
amogh,अमोघ,मोगोग
ambani,अम्बानी,अंबनी
ayodhyaanaath,अयोध्यानाथ,अयोध्यानाथ
ayodhyanaath,अयोध्यानाथ,अयोध्यनाथ
ayodhyanath,अयोध्यानाथ,अयोध्यनाथ
ayodhyeanath,अयोध्यानाथ,अयोध्यनाथ
aradas,अरदास,रादासास
ardaas,अरदास,रद्दास
ardas,अरदास,रद्दास
arabab,अरबाब,राबाबाबाबाबाबाब
arbab,अरबाब,राब्बाबाब
around,अराउंड,ंडरंड
arjent,अर्जेंट,जर्जेंत
urgent,अर्जेंट,रूजेंटेंट
arth,अर्थ,राठथ
artha,अर्थ,राठा
earth,अर्थ,त्रथ्थ
earthquake,अर्थक्वेक,इर्थंकक
arthon,अर्थों,राथों
arpit,अर्पित,पर्पित
aryama,अर्यमा,र्यमामा
aryma,अर्यमा,यर्मयमा
arymaa,अर्यमा,अर्यमा
alankaar,अलंकार,अलंकार
alankar,अलंकार,अलंकर
alnkaar,अलंकार,अलंकार
alankaaron,अलंकारों,अलंकारों
alankaron,अलंकारों,अलंकरों
alnkaaron,अलंकारों,अलंकारों
alnkaron,अलंकारों,अलंकरों
alagavavadi,अलगाववादी,अलगवावादी
algavvadi,अलगाववादी,अलगववादी
algavwaadi,अलगाववादी,अल्गववादी
alive,अलाइव,लाइविवे
alance,अलायंस,लांसेंस
alayans,अलायंस,लायनसंस
aliance,अलायंस,लायिंस
alind,अलिंद,लिंदडिंद
alai,अली,लाई
ali,अली,लीली
alii,अली,लीली
alonso,अलोंसो,लांसोंसों
aloso,अलोंसो,लॉसोसो
alphabet,अल्फ़ाबेट,अल्फाबेत
alba,अल्बा,लाब्बा
avantipur,अवंतिपुर,आवंतीपुर
awantipora,अवंतिपुर,अवंतीपोर
avaru,अवरु,वारूरू
avru,अवरु,वेरुबूरूरू
awaru,अवरु,वारूरू
avarodhak,अवरोधक,अवरोधक
avrodhak,अवरोधक,अवरोधक
avrodhk,अवरोधक,अवरोधक
avarnata,अवर्णता,अवर्णता
avarnataa,अवर्णता,अवर्णता
avranta,अवर्णता,अवरंता
avashist,अवशिष्ट,अवशिष्ट
avshisht,अवशिष्ट,अवशिष्ट
awashist,अवशिष्ट,अवशीष्ट्स
avasthaayen,अवस्थाएं,अवस्थाएं
avsthaen,अवस्थाएं,अवस्थाएं
avsthayen,अवस्थाएं,अवस्थाएं
awasthaen,अवस्थाएं,अवस्थाएं
avi,अवि,विवी
avika,अविका,आविका
aviral,अविरल,वायरलाल
avirl,अविरल,वायरल्ल्रल
avishvaasniy,अविश्वसनीय,अविश्वासनीय
avishvasniy,अविश्वसनीय,अविश्वासनीय
avishvasniya,अविश्वसनीय,अविश्वासनीय
avisvasniya,अविश्वसनीय,अविस्वासनीय
aviva,अवीवा,विवावा
avaigyanic,अवैज्ञानिक,अवैज्ञानिक
avaigyanik,अवैज्ञानिक,अवैज्ञानिकी
avegyanik,अवैज्ञानिक,अवेज्ञानिक
ashaktataa,अशक्तता,अशक्तता
ashktta,अशक्तता,अश्कतता
asharaphi,अशरफी,अशाराफी
ashrafi,अशरफी,अश्रफी
ashariri,अशरीरी,अश्रीरी
ashriri,अशरीरी,अश्रीरी
ashrvatath,अश्वत्थ,श्रवत्थात
ashvtth,अश्वत्थ,वश्तथ्थ्थ
asamaany,असमान्य,सामान्यनय
asamany,असमान्य,सामान्यनय
asmanye,असमान्य,अस्मान्य
asaamnjsy,असामंजस्य,असामंजयस्य
asamanjasy,असामंजस्य,असमानजासीय
asamanjasya,असामंजस्य,असमानजासीय
asurakshit,असुरक्षित,असुरक्षित
asurkshit,असुरक्षित,असुरक्षित
aset,असेट,सेत्तित
asset,असेट,सेतेत्सत
asvabhavik,अस्वभाविक,अस्वाभाविक
aswabhavik,अस्वभाविक,अस्वाभाविक
aswbhavik,अस्वभाविक,अस्वभाविक
ahirauli,अहिरौली,आहिरौली
item,आइटम,इतमें
items,आइटम्स,इटेम्स
idle,आइडल,इडले
idol,आइडल,डिलोल
icc,आइसीसी,सिक्क
iso,आइसो,सिसों
ipc,आईपीसी,किपक
ipad,आईपैड,दिपद
iris,आईरिस,इरिसिस
ounce,आउंस,कांसीसी
aakaash,आकाश,काशकाश
aakash,आकाश,काशकाश
aake,आके,के
aakhet,आखेट,ेखेत
akhet,आखेट,ेखेत
aagat,आगत,टागत
aagaman,आगमन,आगमन
aagman,आगमन,आग्मन
aagaa,आग़ा,गागा
aagah,आग़ा,गाहागह
agha,आग़ा,घाघाघा
aagaashe,आगाशे,गाशे
aagashe,आगाशे,शाशे
agashe,आगाशे,शाशे
aajmaanaa,आजमाना,आजमाना
aajmana,आजमाना,आजमाना
aazmaanaa,आजमाना,आजमाना
aata,आटा,ताता
ata,आटा,ताता
atta,आटा,तत्ता
aatmayen,आत्माएं,आत्मयन
atmaen,आत्माएं,आत्मैन
aadaan,आदान,आड़ानां
aadan,आदान,दानन
aadhaarit,आधारित,आधारित
aadharit,आधारित,आधारितित
adharit,आधारित,अधारितित
aadheen,आधीन,आधीन
aadhin,आधीन,आधिन्न
aadhunik,आधुनिक,आधुनिक
aanad,आनद,डाढड़
aanand,आनद,ंडंडंड
anand,आनद,ंडंडंड
aapka,आपका,आपका
aapkaa,आपका,आपका
aapadaaaen,आपदाएं,आपदाएं
aapdaein,आपदाएं,आपदाएं
aapdayein,आपदाएं,आपदाएं
aabantit,आबंटित,आबंतीतित
abantit,आबंटित,अबंतीतित
aabru,आबरू,बारूरू
abaru,आबरू,बारूरू
aamdan,आमदन,आमदन
amadan,आमदन,मादन
aamdani,आमदनी,आमदानी
amadani,आमदनी,आमादनी
aamdi,आमदी,दमीदी
amdi,आमदी,दमीदी
aamod,आमोद,मादोद
amod,आमोद,मोड़ोद
aayenge,आयेंगे,आयेंगे
aayojak,आयोजक,आयोजक
ro,आरओ,आरोआओओआरोआओआओओआरोआओआओआओआरोआओआओआरोआओआओआरोआओआओआरोआओआ
rp,आरपी,प्रप्प
aaraam,आराम,आरामा
aaram,आराम,मारामा
aram,आराम,मारामा
aarushi,आरुषि,आरूषी
arushi,आरुषि,राउशी
artery,आर्टरी,रायरी
order,आर्डर,ऑर्डर
aary,आर्य,यर्य
aarya,आर्य,र्याया
arya,आर्य,र्याया
aaryika,आर्यिका,आर्यिका
aryika,आर्यिका,आर्यिका
aarya,आर्यो,र्याया
arya,आर्यो,र्याया
aryo,आर्यो,यरियोयोयोयोरो
aaryan,आर्यों,आर्यणन
arya,आर्यों,र्याया
aryon,आर्यों,यरियों
aalsi,आलसी,आलसी
alasi,आलसी,लासी
aalochak,आलोचक,आलोचक
alochak,आलोचक,अलोचक
aalochakon,आलोचकों,आलोचकों
alochakon,आलोचकों,अलोचकों
aalha,आल्हा,लाहा
aalhaa,आल्हा,लाहा
alha,आल्हा,लहाला
allah,आल्हा,लालाहालाह
aawaazen,आवाज़ें,आवाजें
aawajen,आवाज़ें,आवाजें
awaazen,आवाज़ें,अवाजें
awazen,आवाज़ें,अवजें
aawajon,आवाज़ों,आवाजों
aawazon,आवाज़ों,आवाजों
awaazon,आवाज़ों,अवाजों
awazon,आवाज़ों,अवजों
aavishakaar,आविष्कार,आविषाकार
aavishkaar,आविष्कार,आविष्कार
avishkar,आविष्कार,अविष्कार
aavriti,आवृत्ति,आवृति
aavritti,आवृत्ति,आवृत्ति
avuti,आवृत्ति,अवुतिती
aavritiyon,आवृत्तियों,आवृतियों
aavrittiyon,आवृत्तियों,आवृत्तियों
avrutiyon,आवृत्तियों,अवृतियों
aashanka,आशंका,आशंका
ashanka,आशंका,शांका
aashriton,आश्रितों,आश्रितों
ashriton,आश्रितों,अश्रितों
aasaan,आसान,सानसन
aasan,आसान,सानसन
asan,आसान,सानसन
aastik,आस्तिक,आस्तिकिक
astik,आस्तिक,अस्तिकिक
aasteen,आस्तीन,आस्तीन
aastin,आस्तीन,आस्तिनी
astin,आस्तीन,अस्तिनीन
aahnaan,आह्नान,आह्नान
aahnan,आह्नान,आह्नन
ahyan,आह्नान,हायःान
england,इंग्लैंड,एंग्लैडेंड
engineer,इंजिनियर,इंजीनियरी
introduction,इंट्रोडक्शन,इंट्रोक्शनियों
insurance,इंश्योरेंस,इंसरांस
ear,इअर,यर
eyer,इअर,येरियर
eon,इआन,योन्न
iaan,इआन,एआन
ekattha,इकट्ठा,इक्ट्ठा
ikattha,इकट्ठा,इकट्ठा
ekatthi,इकठ्ठी,इक्ट्ठी
ekthi,इकठ्ठी,एक्थिती
ikatthi,इकठ्ठी,इकट्ठी
ekaee,इकाई,एकाई
ikai,इकाई,इकाई
ekaeyon,इकाईयों,इकाइयों
ikaiyon,इकाईयों,इकाइयों
ikarion,इकाईयों,इकारियों
economic,इकोनोमिक,इकोनॉमिकिक
ecuador,इक्वाडोर,इकुआड़ोर
equador,इक्वाडोर,एकुआड़ोर
equities,इक्विटीज,एक्विटीज
ikvitija,इक्विटीज,इकवितीजा
ijaajat,इजाजत,इजाज़तात
ijajat,इजाजत,इजाजतात
inhalation,इनहेलेशन,इन्हालेशन
inhaletion,इनहेलेशन,इंहलेशन
ibija,इबीजा,इबीजा
ibiza,इबीजा,इबीजा
imaging,इमेजिंग,इमैजिंग
immune,इम्युन,इम्यूने
elaichi,इलाइची,इलायची
ilaichi,इलाइची,इलाइची
ilayachi,इलाइची,इलायची
ilayichi,इलाइची,इलायिची
elaaj,इलाज,लेलाज
ilaaj,इलाज,लिलाज
ilaj,इलाज,लिजाज
ishaak,इशाक,शिकाक
ishaaq,इशाक,शिकाक
ishak,इशाक,किशक
ishaara,इशारा,इशारा
ishaaraa,इशारा,इशारा
ishara,इशारा,रिशारा
ishita,इशिता,इशीता
isht,इष्ट,त्षत्षत
isteefe,इस्तीफे,इस्तीफे
istife,इस्तीफे,इस्तीफे
ea,ईए,ई
ia,ईए,आईएआईएआईएआईएआईएआईएआईएआईएआईएआईएआईएआईएआईएआईएआईएआईएआई
eater,ईटर,रेतेर
iter,ईटर,इतरे
email,ईमेल,मेलियल
emailon,ईमेलों,एमैलोन
emelon,ईमेलों,इमलों
evening,ईवनिंग,इवेनिंग
east,ईष्ट,स्ट्सत्सत्त
ishat,ईष्ट,षिष्टत
isht,ईष्ट,त्षत्षत
isaaiyon,ईसाइयों,इसाइयों
isaiyon,ईसाइयों,ईसाईयों
isayiyon,ईसाइयों,इसायियों
ikhrul,उखरुल,रिखरल
ukhrool,उखरुल,उखरूलुल
ukhrul,उखरुल,कुखरुल
uchhalane,उछालने,उछलने
uchhalne,उछालने,उछलने
ujback,उज़्बेक,उजबक्क
uzbek,उज़्बेक,उज़्बेक
uthane,उठने,उठाने
uthne,उठने,उठने
uthaakar,उठाकर,उठाकर
uthakar,उठाकर,उठाकर
uthaapatak,उठापटक,उठापकता
uthapatak,उठापटक,उठापकता
uthen,उठें,उठेनें
udaan,उड़ान,उड़नां
udan,उड़ान,उड़नां
udaanaa,उड़ाना,उड़ना
udana,उड़ाना,उड़ना
udaane,उड़ाने,उड़ने
udane,उड़ाने,उड़ने
udaanen,उड़ानें,उदानें
udanen,उड़ानें,उड़नें
udaanon,उड़ानों,उदानों
udanon,उड़ानों,उदनों
utane,उतने,उतने
utaney,उतने,उतनेय
utne,उतने,उतने
uttara,उत्तरा,उत्तरारा
uttra,उत्तरा,उत्तरा
utpan,उत्पन,उत्पन
udant,उदंत,दूंततंत
udghosh,उदघोष,दुघोषोध
udar,उदर,उदार
uda,उदा,दूड़ा
udaa,उदा,उड़ा
udakishuganj,उदाकिशुनगंज,उदाकिशुगंज
udakishunganj,उदाकिशुनगंज,उदाकिशुंगन
unatees,उनतीस,उनतीसी
untees,उनतीस,उंतीसी
uniyal,उनियाल,नुइलायल
upadraviyon,उपद्रवियों,उपद्वावियों
updravion,उपद्रवियों,उपद्वारियों
updraviyon,उपद्रवियों,उपदरावियों
upadravi,उपद्रवी,उपद्वावी
updravi,उपद्रवी,उपद्वावी
upadrawon,उपद्रवों,उपद्वारों
updravon,उपद्रवों,उपद्रवों
upneta,उपनेता,उपनेता
upabhokta,उपभोक्ता,उपभोकता
upbhokta,उपभोक्ता,उपभोकता
uplaksh,उपलक्ष्य,उपलक्ष
uplakshay,उपलक्ष्य,उपलक्षय
uplakshya,उपलक्ष्य,उपलक्ष्य
uplabdh,उपलब्ध,उपलब्ध
uplabdhiyon,उपलब्धियों,उपलब्धियों
uplabdhi,उपलब्धी,उपलब्धी
upakhyaanon,उपाख्यानों,उपख्यानों
upakhyanon,उपाख्यानों,उपख्यानों
ubuntu,उबंटू,बुंतुुतु
ubaal,उबाल,बुलाला
ubal,उबाल,लबल
ubhaara,उभारा,उभारा
ubhara,उभारा,उभरा
umanath,उमानाथ,मुंटठ
umesh,उमेश,मेश्ध
urf,उर्फ,फुफर्फ
urfa,उर्फ,उर्फाफा
urff,उर्फ,फुफरफफ
urvarakon,उर्वरकों,उर्वारकों
urvarkon,उर्वरकों,उर्वार्कों
urwarakon,उर्वरकों,उर्वारकों
urvarata,उर्वरता,उर्वरता
urvarta,उर्वरता,उर्वर्ता
urwarta,उर्वरता,उर्वार्टा
ulate,उलटे,लुटे
ulte,उलटे,लुटे
ulahana,उलाहना,उलाहना
ulahna,उलाहना,उलाहना
ulema,उलेमा,उलेमामा
ulemaon,उलेमाओं,उलेमाओं
usak,उसक,कसाक
usaki,उसकी,उसकी
uski,उसकी,उस्की
usmein,उसमें,उस्में
usmen,उसमें,उस्में
usi,उसी,सुईसी
ustara,उस्तरा,उस्तरा
udharv,ऊर्ध्व,उधारव
udhrva,ऊर्ध्व,उधरवावा
urdhav,ऊर्ध्व,उर्धवा
ushma,ऊष्मा,उष्मा
rishicool,ऋषिकुल,रिशिकोलिक
rishikul,ऋषिकुल,रिशिकुल्ल
rushikul,ऋषिकुल,रुशिकुल
enzyme,एंजाइम,एंजयमे
anton,एंटोन,टंटों
entone,एंटोन,ंतोनें
antoni,एंटोनी,एंटोनी
antony,एंटोनी,टंटनय
endometrial,एंडोमेट्रियल,एंडोमेट्रियल
andreas,एंड्रियास,अंड्रेयस
als,एएलएस,सल्स
asi,एएसआई,सीसी
eksaath,एकसाथ,केक्षाठ
eksath,एकसाथ,केक्षठ
ekaki,एकाकी,इकाकी
xm,एक्सएम,एक्सम्म्म
egmor,एगमोर,एगमोर
egmore,एगमोर,एगमोरे
aj,एजे,जाज
agende,एजेंडे,अजेंदे
adp,एडीपी,पड़प्डप
adain,एडेन,ऐड़ैन
aden,एडेन,देनें
edan,एडेन,ऐडन
addi,एड्डी,दड़ी
eddi,एड्डी,डेडीडी
eddie,एड्डी,देडीए
eddy,एड्डी,डेडीय
apj,एपीजे,जापज
ftii,एफटीआईआई,त्तीई
abbott,एबट,बेबोट्टत
abut,एबट,टबुट
ebt,एबट,बेत्तत
abvp,एबीवीपी,वाब्पवप
abbot,एबोट,बेबोटोट
abbott,एबोट,बेबोट्टत
mta,एमटीए,तमता
mtake,एमटेक,टैके
mtec,एमटेक,सीटेक्स
mtech,एमटेक,संचेतक
emerald,एमरल्ड,एमरल्ड
emrald,एमरल्ड,इमरल्ड
emil,एमिल,मेलियल
emile,एमिल,मेलेमेले
emily,एमिल,एमिल्य
amy,एमी,यम्यमय
emi,एमी,मिमी
airway,एयरवे,एयरवाये
eyarave,एयरवे,यारवेवे
eyarve,एयरवे,यरवेवे
error,एरर,रेरर
arica,एरिका,आरिका
erica,एरिका,इरिका
erika,एरिका,इरिका
aerobic,एरोबिक,एयरबिकिक
aerobics,एरोबिक,एयरबिक्स
lte,एलटीई,ट्लेटे
lti,एलटीई,ट्लीटी
allergic,एलर्जिक,एलर्जिकिकिक
eliminator,एलिमिनेटर,इलीमिंटर
aliens,एलियंस,लिएंस
alliance,एलियंस,लालियांस
asian,एशियन,सियान
sfc,एसएफसी,स्फस्कैक्स
sk,एसके,क्षक्स
spf,एसपीएफ,प्फफ्फ
association,एसोसिएशन,असोसिएशन
astar,एस्टर,अस्तार
aster,एस्टर,स्तेरेते
ester,एस्टर,एस्टर
aesthetics,एस्थेटिक,एस्थेतिक्सिक्स
asthetic,एस्थेटिक,एस्थेतिकी
asfalt,एस्फाल्ट,साफस्तलत्ता
asphalt,एस्फाल्ट,अस्फलत
asphault,एस्फाल्ट,स्फौल्ट
ahsaas,एहसास,शहसास
ehsaas,एहसास,ईहसास
ehsas,एहसास,ईहसास
aisa,एेसा,सैसा
eesa,एेसा,सीसा
ainth,ऐंठ,टंठठठ
end,ऐंठ,डेंडेंड
enth,ऐंठ,ंतःथ
ainthey,ऐंठे,तंथेय
enthe,ऐंठे,ंतेहे
aithan,ऐठन,ऐंठन
ethan,ऐठन,तेथन
ethhan,ऐठन,ठेठन्न
ail,ऐल,लैलैल
el,ऐल,लेल
alaps,ऐल्प्स,लापस
alps,ऐल्प्स,लैप्स
aise,ऐसे,सेसे
oxide,ऑक्साइड,ओक्सीडे
oxy,ऑक्सी,क्ष्यॉसी
offers,ऑफर्स,फेरस्स
offshor,ऑफशोर,ऑफ्शोर
offshore,ऑफशोर,ऑफ्शोर
official,ऑफिशियल,ऑफिशियल
okalahoma,ओकलाहोमा,ओकलाहोमा
oklahoma,ओकलाहोमा,ओकलाहोमा
oklahoma,ओक्लाहोमा,ओकलाहोमा
ot,ओत,टॉट
opel,ओपेल,पॉलियल
obrayan,ओब्रायन,ओब्रेयन
obrien,ओब्रायन,ओब्रियन
oran,ओरण,रोनेन
orian,ओरियन,ओरियन
orion,ओरियन,आरियन
olavrishti,ओलावृष्टि,ओलवृष्टि
ovum,ओवम,मूम्यूम
owem,ओवम,वामेमेम
oceanic,ओशनिक,ओकियानिक
osaka,ओसाका,सोका
auchity,औचित्य,औचित्यतीय
auchitya,औचित्य,औचित्या
audhyogikaran,औद्योगिकरण,औध्योगिकरण
audyogikarana,औद्योगिकरण,औद्योगिकारण
audyogikikaran,औद्योगिकरण,औद्योगिकिकरण
aurangabad,औरंगाबाद,औरंगबद
aurora,औरोरा,औरोरा
aulakh,औलख,लॉकहख
kankad,कंकड़,कंकड़कड़
kankar,कंकड़,कंकर
kankad,कंकर,कंकड़कड़
kankar,कंकर,कंकर
kangan,कंगन,कांगण
conjunction,कंजंक्शन,कंजनक्शन
contemporary,कंटेम्पररी,कंटेप्रोरी
kanthahar,कंठहार,कंठहरार
kanthhar,कंठहार,टंठरार
composer,कंपोजर,कंपोसर
kambalon,कंबलों,कंबलों
kanblon,कंबलों,कंबलों
consultant,कंसलटेंट,कंसल्टेंटन
kakkad,कक्कड़,काकड़कड़
kakkar,कक्कड़,काक्कर
kacche,कच्चे,कच्छे
kachche,कच्चे,कच्छे
karta,कटरा,कर्तता
katra,कटरा,कट्रा
cutlery,कटलरी,कटलर्य
katlari,कटलरी,कत्लरी
katlary,कटलरी,कटलार्य
katasaraj,कटासराज,कतासराज
kathfodave,कठफोड़वे,कठफोदवे
kathfodve,कठफोड़वे,कठफोड़वे
kathor,कठोर,कथोरोड़
kathore,कठोर,कथोरे
kanika,कणिका,कानिका
kathai,कत्थई,ठाठाई
katthai,कत्थई,ट्ठाठैई
katthaii,कत्थई,कट्ठैही
convention,कनवेंशन,कन्वेशन
canals,कनाल,कैनल्स
kanaal,कनाल,ननालाल
kanal,कनाल,नालाला
kanindham,कनिंघम,कानिंधम
kaningham,कनिंघम,कानिंघम
kanishthika,कनिष्ठिका,कानीष्ठिका
kanishthikaa,कनिष्ठिका,कानीष्ठिका
kanishtika,कनिष्ठिका,कानीष्टिका
kanyaayen,कन्याएं,कन्याएं
kanyaein,कन्याएं,कन्याएं
kanyayen,कन्याएं,कन्याएं
convention,कन्वेंशन,कन्वेशन
convocation,कन्वोकेशन,कॉन्वॉकेशन
cup,कप,पुपक
kap,कप,पापक
kapda,कपड़ा,पाड़का
kpada,कपड़ा,पकड़ा
kapdo,कपड़ो,पाड़ोपोडो
kapdon,कपड़ो,कपड़ों
kaping,कपिंग,पाइनिंग
kping,कपिंग,पिंगिंग
kapolkalpana,कपोलकल्पना,कपोलकल्पना
kabaddi,कबड्डी,बाड़दी
kabr,कब्र,बार्बर
kabra,कब्र,बाबराबा
kabren,कब्रें,कब्रेनें
kabron,कब्रों,कबरों
kamjor,कमज़ोर,कमजोर
kamzor,कमज़ोर,कमजोर
kamatar,कमतर,कमातारातार
kamtar,कमतर,कमतारा
kalamjeet,कमलजीत,कलमीजित
kamaljeet,कमलजीत,कमलजीतित
kamaauu,कमाऊ,कमाऊऊ
kamau,कमाऊ,मामौौौौौ
kamaate,कमाते,कमाते
kamate,कमाते,कमते
kamere,कमेरे,कमेरी
kmere,कमेरे,केमरी
karanj,करंज,रांजंज
kranj,करंज,ंरणजंज
karanjiya,करंजिया,कारणजिया
kardhe,करघे,कर्धे
karghe,करघे,घरघे
karachana,करछना,कराचना
karchhana,करछना,कर्छना
karna,करना,रानना
karpatri,करपात्री,कर्पत्री
karam,करम,कारमाम
karoor,करूर,रूरूर
karur,करूर,रूरूर
karnataka,कर्नाटका,कारणातका
karvi,कर्वी,राविवी
kurvi,कर्वी,कुर्विवी
kalmein,कलमें,कलमें
kalmen,कलमें,कलमें
kalraj,कलराज,लारलाज़ाज़
kalika,कलिका,कालिका
kalpanaon,कल्पनाओं,कल्पनाओं
kalpnaon,कल्पनाओं,कल्पनाओं
kavvaliyon,कव्वालियों,कववालियों
qawwaliyon,कव्वालियों,क्ववालियों
kavvali,कव्वाली,कवावली
qawwali,कव्वाली,क़व्वाली
kashton,कष्टों,कष्टोंटों
kasarat,कसरत,कसरतता
kasrat,कसरत,कसरतता
kasara,कसारा,सकरा
kasida,कसीदा,सादिदा
kahane,कहने,खानें
kahne,कहने,कहने
kahlaya,कहलाया,कहलाया
kahaniyon,कहानियों,कहानियों
kile,क़िले,किले
kanji,कांजी,नंजी
cant,कांट,ंटंटत
kant,कांट,टंटत
kanti,कांति,टंटी
kakoo,काकू,कोड़ूकू
kaku,काकू,काकुकु
kaagaj,कागज़,कागजाज
kaagaz,कागज़,कागज
kagaj,कागज़,गाजजाज
kagaz,कागज़,कागज
kaaji,काजी,जाकी
kaji,काजी,जाईजी
kazi,काजी,जाइजी
qazi,काजी,क़ीज़ी
kajoo,काजू,जजूूू
kaju,काजू,जाकुजु
kapadi,कापड़ी,पाड़ीड़ी
kapdi,कापड़ी,पाड़ीड़ी
kamraj,कामराज,मार्मजाज
kamottejana,कामोत्तेजना,कमोत्तेजना
kamottejna,कामोत्तेजना,कमोत्तेजना
kailana,कायलाना,कैलना
kaylana,कायलाना,कालयना
carfi,कार्की,कार्फी
karki,कार्की,कारकी
kartik,कार्तिक,कार्तिक
karyakartaon,कार्यकर्ताओं,कार्यकर्ताओं
karykartaaon,कार्यकर्ताओं,कार्यकारताओं
karykartaon,कार्यकर्ताओं,कार्यकार्ताओं
karyabhar,कार्यभार,कार्यभार
karybhar,कार्यभार,कार्यभार
karyarat,कार्यरत,क्रयारता
karyrat,कार्यरत,क्रयरत
kaalpi,कालपी,काल्पी
kalapi,कालपी,कलापी
kalpi,कालपी,कल्पी
kalika,कालिका,कालिका
kalighat,कालीघाट,कलीघाट
coldvel,काल्डवेल,कॉल्डवेल्लेवल
kaldvel,काल्डवेल,कल्द्वेल
kaldwell,काल्डवेल,कल्द्वेल्ल
kaav,काव,वावावा
kav,काव,वाकव
kaasht,काश्त,काष्टत
kasht,काश्त,कष्टत
kasim,कासिम,कासिमिम
qasim,कासिम,कासिमिम
kasimabad,कासिमाबाद,कसीमाबद
kiya,किया,यियाया
kiliyan,किलियन,किलियां
killat,किल्लत,इल्लटलट
killi,किल्ली,इलिली
kisaani,किसानी,किसानी
kisani,किसानी,किसनी
kisanon,किसानों,किसनों
keede,कीड़े,ईदेड़े
kide,कीड़े,दिदे
keynote,कीनोट,कीनोटे
kinote,कीनोट,किनोटे
kiratpur,कीरतपुर,किरतपुर
kundal,कुंडल,नुंडलाल
kundaliya,कुंडलियाँ,कुंडलीय
kundaliyan,कुंडलियाँ,कुंडलियां
kutta,कुत्ता,कुट्टता
kuposhit,कुपोषित,कुपोषित
kumau,कुमाऊ,कुमाऊ
kumavat,कुमावत,कुमावट
kumawat,कुमावत,कुमावटवत
kural,कुराल,कुरल
kurmi,कुर्मी,कुर्मी
kursiyon,कुर्सियों,कुर्सियों
kush,कुश,शुश
kushaan,कुषाण,कुशान
kushan,कुषाण,कुशन
kusumalataa,कुसुमलता,कुसुमालता
kusumalta,कुसुमलता,कुसुमालता
kusumlata,कुसुमलता,कुसुमलाता
koot,कूट,टूट
kut,कूट,टुटकत
kritika,कृतिका,कृतिका
kpo,केपीओ,पोकोपो
canterbari,कैंटरबरी,कैंटरबरी
canterbury,कैंटरबरी,कैंटरबीरी
candidate,कैंडिडेट,कैंडिडेटेटे
katrina,कैटरीना,कट्रिनाना
caitlyn,कैटलिन,कैटलिन
cateline,कैटलिन,कैटलिनें
catlin,कैटलिन,कैटलिनिन
cadmium,कैडमियम,कैडमियम
catholic,कैथोलिक,कैथलिकिक
catholicon,कैथोलिकों,कैथलिकों
kaetholikon,कैथोलिकों,कैथलिकों
capacitor,कैपेसिटर,कैपकाइटर
carat,कैरेट,कारतट
cavity,कैविटी,कैविटी
cavalry,कैवेलरी,कैवलर्य
kaivelari,कैवेलरी,कैवेलारी
complex,कॉम्प्लेक्स,कंप्लेक्स
kocchi,कोच्चि,कोचीची
kochi,कोच्चि,कोची
corridor,कोरिडोर,कॉरिडोरोडोर
corolla,कोरोला,कॉरोल्ला
korola,कोरोला,कोरोला
caolan,कोलन,काउलन
colan,कोलन,कॉलन
colon,कोलन,कॉलोन
calling,कोलिंग,कॉलिंग
koling,कोलिंग,कोलिंग
colorado,कोलोराडो,कलोरेडोलोडो
kolorado,कोलोराडो,कोलोराडोडोडो
kaushal,कौशल,कौशल्ला
kaushalata,कौशलता,कौशलता
kaushalta,कौशलता,कौशलता
kaushambi,कौशाम्बी,कौशंबी
cute,क्यूट,कटे
quete,क्यूट,क्वेटे
cube,क्यूब,बुबे
cubeck,क्यूबेक,बुकेक
quebec,क्यूबेक,क्वेबक
cubes,क्यूब्स,बाइसेस
krantiyon,क्रांतियों,क्रंतियों
cric,क्रिक,क्रिकिक
crick,क्रिक,क्रिकिक
cricket,क्रिकेट,क्रिकेटेटेक
cricketer,क्रिकेटर,क्रिकेटर
cricketing,क्रिकेटिंग,क्रिकेटिंग
kriyayog,क्रियायोग,क्रियायोग
christian,क्रिश्चयन,क्रिस्चियन
kruger,क्रूगर,क्रुगर
craig,क्रेग,क्रैगैग
creg,क्रेग,रिगेगेज
cradle,क्रैडल,क्रैडल
chrom,क्रोम,क्रोमोम
chrome,क्रोम,क्रोमे
client,क्लांइट,क्लाइंटेंट
clock,क्लाक,क्लॉकॉक
clasen,क्लासें,क्लेसन
classen,क्लासें,क्लासेनें
classon,क्लासों,क्लासों
clay,क्ले,क्लायाय
claris,क्लेरिस,क्लारिसिस
cleris,क्लेरिस,क्लेरिसिस
clerys,क्लेरिस,क्लर्जिस
quantico,क्वांटिको,क्वांटिकों
queens,क्वींस,क्वीनसंस
kshitij,क्षितिज,क्षीतिजी
shitij,क्षितिज,शीतिजी
kshin,क्षीण,शीनिन
shin,क्षीण,नीन
kshetron,क्षेत्रों,क्षेत्रों
shetron,क्षेत्रों,शेत्रों
khand,खंडा,दंडंद
khanda,खंडा,दंडा
khachakhach,खचाखच,चक्खाचक
khajarana,खजराना,खजाराना
khajraana,खजराना,खजराना
khajrana,खजराना,खजरना
khatakati,खटकती,खटकती
khatakti,खटकती,खटकती
kihatkati,खटकती,किहट्टती
khattapan,खट्टापन,खट्टपन
khat,खत,टटकत
khani,खनि,नानी
khanik,खनिक,नानिकिक
khanikarm,खनिकर्म,खानीकर्म
khanikarma,खनिकर्म,खानीकर्म
khanikarmi,खनिकर्म,खानीकर्मी
khapat,खपत,पाटत
khariya,खरिया,खरिया
khalnayak,खलनायक,खलनायक
khaaskar,ख़ासकर,खांकर
khaskar,ख़ासकर,खस्कर
khaastaur,ख़ासतौर,खांसतौर
khastaur,ख़ासतौर,खस्तौर
khaibar,ख़ैबर,खैबर
khyber,ख़ैबर,खयबेरे
khaein,खाएं,एैनें
khaen,खाएं,एंन
khayen,खाएं,खाएं
khaate,खाते,ताते
khaatey,खाते,टाइटे
khate,खाते,ताते
khal,खाल,लालखल
khinchakar,खिंचकर,खिंचाकार
khinchkar,खिंचकर,खिंचकार
khilana,खिलाना,खिलना
khinchkar,खींचकर,खिंचकार
khuda,खुदा,दुड़ा
khudai,खुदाई,खुदाई
khurapka,खुरपका,खुरापका
khurpaka,खुरपका,खुरपका
khurasan,खुरासान,खुरसन
khushiyan,खुशियां,खुशीयन
khene,खेने,ैनें
khaini,खैनी,ैनी
khairati,खैराती,खैरती
khoikhoi,खोईखोई,खोईखोई
khoya,खोया,कोयाया
gangrel,गंगरेल,गंग्रेल
gangaajal,गंगाजल,गंगाजाल
gangajal,गंगाजल,गंगजलाजल
gandaki,गंडकी,गंडाकी
gandki,गंडकी,गंडकी
gandh,गंध,दंधध
gandha,गंध,दंधा
gae,गए,एगई
gaye,गए,येये
gajara,गजरा,गजरा
gajra,गजरा,गजरा
gadkar,गडकर,गड़कर
ganapati,गणपति,गणपति
ganpati,गणपति,गणपती
gatisheel,गतिशील,गतिशील
gatishil,गतिशील,गतिशिल
gatishilata,गतिशीलता,गतिशिलता
gadadhar,गदाधर,गड़धर
gammat,गम्मत,गम्मत
gaya,गया,याया
garibi,गरीबी,गरिबी
garjana,गर्जना,गर्जना
galgand,गलगंड,गलगंड
gahmagahmi,गहमागहमी,गहमगहमी
gemhagehmi,गहमागहमी,जेमहाग्मी
ganguly,गांगुली,गंगुल्य
gaanth,गांठ,टंठठ
ganth,गांठ,टंठठ
gaanthe,गांठे,टंठे
ganthe,गांठे,ंटेथे
ganthen,गांठें,टंठनें
ganthon,गांठों,टंठों
gaen,गाएं,एजन
gayen,गाएं,गयें
gazi,गाज़ी,गजी
gajipur,गाजीपुर,गजीपुरु
gazipur,गाजीपुर,गजीपुर
gayatri,गायत्री,गायत्री
gayitri,गायत्री,गायत्री
gaytri,गायत्री,गायत्री
gidgidate,गिड़गिड़ाते,गिडगिडेट
ginate,गिनते,गिनते
ginte,गिनते,गिनते
girkar,गिरकर,गिरकार
girijaghar,गिरजाघर,गिरिजाघर
girjaghar,गिरजाघर,गिरजाघर
girijagharon,गिरजाघरों,गिरिजाघरों
girjagharon,गिरजाघरों,गिरजाघरों
girati,गिरती,गिरती
girti,गिरती,गिरती
girish,गिरीश,रिरिशिस
guan,गुआन,गावन
gujar,गुजार,गुजर
gujarata,गुजारता,गुजराता
gujarta,गुजारता,गुजरता
gujarate,गुजारते,गुजरते
gujarte,गुजारते,गुजरते
gujarana,गुजारना,गुजरना
gujarna,गुजारना,गुजरना
gujara,गुजारा,गुजरा
gujare,गुजारे,गुजरे
gutta,गुट्टा,गुट्टा
gthalidar,गुठलीदार,गतलीदार
guthalidar,गुठलीदार,गुथलीदार
gudna,गुदना,गुडना
gumaan,गुमान,गुमानन
guman,गुमान,गुमन्न
gulshan,गुलशन,गुलशान
gunga,गूंगा,गुनगा
grihnagar,गृहनगर,गृहनगर
gruhnagar,गृहनगर,गृहणगर
galaxion,गैलेक्सियों,गलक्षियों
galaxiyon,गैलेक्सियों,गलक्षियों
galaxyon,गैलेक्सियों,गलक्षियों
gochar,गोचर,गोचार
gouchar,गोचर,उच्चार
godara,गोदारा,गोदारा
gopichand,गोपीचंद,गोपिचंद
gomake,गोमके,गोमके
gomke,गोमके,गोमके
goel,गोयल,गोल्यूल
goyal,गोयल,योलायल
gosvaami,गोस्वामी,गोस्वामी
gosvami,गोस्वामी,गोस्वामी
goswami,गोस्वामी,गोस्वामी
gaumukh,गौमुख,गौमुखुख
gomukh,गौमुख,मोमुखोख
gaumutr,गौमूत्र,गौमुत्र
gaumutra,गौमूत्र,गौमुत्र
gowmutra,गौमूत्र,गोमुत्रा
granthiyaan,ग्रंथियां,ग्रांठियां
granthiyan,ग्रंथियां,ग्रांठियां
grandhiyon,ग्रंथियों,ग्राणधियों
granthiyon,ग्रंथियों,ग्रांठियों
greest,ग्रीस्ट,ग्रीस्ट
greist,ग्रीस्ट,ग्रीस्ट
grist,ग्रीस्ट,ग्रिस्ट
greg,ग्रेग,ग्रेगेगेज
granite,ग्रेनाइट,ग्रैनेटेटे
grenite,ग्रेनाइट,ग्रेनीटेट
grandson,ग्रैंडसन,ग्रैंडसन
gross,ग्रॉस,ग्रॉस्स
ghataatop,घटाटोप,घटातोपोत
ghatatop,घटाटोप,घटतोपोत
ghataayaa,घटाया,घटाया
ghataya,घटाया,घटाया
ghanakar,घनाकार,घनकर
ghabrahat,घबराहट,घबराहट
ghasi,घासी,शासी
ghisai,घिसाई,घिसाई
ghisi,घिसी,घिसी
ghise,घिसे,गिसेजे
ghumakkadi,घुमक्कड़ी,घुमक्कड़ी
ghumakkdi,घुमक्कड़ी,घुमक्क्दी
ghumakkadon,घुमक्कड़ों,घुमक्कड़ों
ghumakkaron,घुमक्कड़ों,घुमक्करों
ghumakkdon,घुमक्कड़ों,घुमक्कुड़ों
ghummakkadon,घुमक्कड़ों,घुमाक्कदों
ghumaan,घुमाण,घुमानन
ghuman,घुमाण,घुमानन
ghoonsa,घूंसा,घूंसा
ghunsa,घूंसा,घुनसा
ghongha,घोंघा,घोंघाघा
ghontane,घोंटने,घोंटने
ghontne,घोंटने,घोंटने
ghot,घोट,टोटोट
ghodi,घोड़ी,घोड़ी
ghost,घोस्ट,घोस्त
changul,चंगुल,गंचुल
chand,चंद,दंडंद
chandan,चंदन,दंडन
chandana,चंदन,चंदना
chandu,चंदू,दंडू
chandon,चंदों,दंडों
chandrabali,चंद्रबली,चंद्रबाली
chandramaon,चंद्रमाओं,चंद्रमों
chakatte,चकत्ते,चकतेते
chaktte,चकत्ते,चकत्ते
chakkar,चक्कर,चक्कर
chkkar,चक्कर,चक्कर
chakshu,चक्षु,क्षुणु
chatagaon,चटगांव,चटगांगों
chatgaon,चटगांव,चटगांवों
chadhane,चढ़ने,चढ़ने
chadhne,चढ़ने,चढ़नेे
chaturdik,चतुर्दिक,चटुर्दिक
chatunshkoniy,चतुष्कोणीय,चतुनशकों
chatushkoniy,चतुष्कोणीय,चटुश्कोणियों
chatushkoniya,चतुष्कोणीय,चटुश्कोणियों
channa,चन्ना,चनना
chabate,चबाते,चबते
chabutare,चबूतरे,चब्तरे
chabutre,चबूतरे,चाबुत्रे
chamakna,चमकना,चमकना
chamkana,चमकना,चमकाना
charas,चरस,रासास
charit,चरित,राकित
charcha,चर्चा,चर्चा
churcha,चर्चा,चुर्चा
charchaon,चर्चाओं,चर्चाओं
chalenge,चलेंगे,चलेंगे
chlenge,चलेंगे,ल्लेजेंजी
chahunaur,चहुंओर,चाहुनौरौर
chahunor,चहुंओर,चाहुनोरों
chanval,चांवल,चनवाला
chanwal,चांवल,वनवाला
chachaji,चाचाजी,चच्छजी
chadar,चादर,चड़ार
chadaron,चादरों,चड़ारों
chadron,चादरों,चड़्रों
chan,चान,चन
chanan,चानन,चननन
chaplusi,चापलूसी,चपलुसी
chayal,चायल,यालाला
char,चार,चार
charon,चारों,चरों
charge,चार्ज,रागे
chart,चार्ट,रात्त
charton,चार्टों,चार्टनों
charts,चार्ट्स,रात्स्स्ट्स
chaalit,चालित,चालित
chalit,चालित,लालितत
chikitsak,चिकित्सक,चिकित्सक
chikitsakon,चिकित्सकों,चिकित्सकों
chikhali,चिखली,चिखली
chiththi,चिट्ठी,चित्ती
chitthi,चिट्ठी,चित्ती
chithhi,चिठ्ठी,चितीही
chiththi,चिठ्ठी,चित्ती
chitthi,चिठ्ठी,चित्ती
chidchidapan,चिडचिडापन,चिड़चिड़ापन
chidchidapan,चिड़चिड़ापन,चिड़चिड़ापन
chidhate,चिढ़ते,चिधतेते
chidhte,चिढ़ते,चिधते
chithrkar,चित्रकार,चित्रकर
chitrkar,चित्रकार,चित्रकार
chipakane,चिपकने,चिपकने
chipakne,चिपकने,चिपकने
chipkane,चिपकने,चिपकने
chimati,चिमटी,चिमती
chimti,चिमटी,चिमती
chillane,चिल्लाने,चिलनें
chee,ची,ीची
chi,ची,चिची
chuka,चुका,कुका
chune,चुने,नुने
chunar,चूनर,उनुरार
changed,चेंज्ड,ंगेदेद
chetti,चेट्टी,चेतती
chennai,चेन्नई,चेनाई
chero,चेरो,चेरों
chest,चेस्ट,चेस्टत
championship,चैंपियनशिप,चंपियंशीप
chor,चोर,कोरोड़
choro,चोरों,कोरोऑ
choron,चोरों,चोरों
chauk,चौक,कौकोक
chowk,चौक,वाकवक
chauka,चौका,औौका
chuka,चौका,कुका
chaukiyan,चौकियां,चौकियां
chauki,चौकी,ौौकिकी
chaukhate,चौखटे,औौखटे
chauguni,चौगुनी,चौगुनी
chauda,चौड़ा,औौड़ा
chaudah,चौड़ा,ौौदहाह
chaudahavan,चौदहवां,चौदहवान
chaudhavan,चौदहवां,चौदहवान
chaudhawan,चौदहवां,चौद्वान
chaupati,चौपाटी,चौपति
chupaty,चौपाटी,चुपात्य
chaupal,चौपाल,ौौपालाल
chaurai,चौरई,उौरैई
chausinga,चौसिंगा,चौसिंगा
chausingha,चौसिंगा,चौसिंह
chhagan,छगन,छागन
chhabi,छबि,बाबी
chhalla,छल्ला,छल्ला
chhallaa,छल्ला,छल्ला
chhaviyaan,छवियाँ,छावियां
chhaviyan,छवियाँ,छावियां
chhavi,छवी,छावी
cheh,छह,चेहे
chhah,छह,छाहछ
chehon,छहों,चेहों
chhahon,छहों,छाहों
chhai,छाई,चाई
chhagla,छागला,छगला
chhajan,छाजन,छजन
chhaati,छाती,छाती
chhati,छाती,चटिटी
chhaapemaar,छापेमार,छापेमार
chhapemar,छापेमार,छपेमार
chheenk,छींक,ईंकांक
chhink,छींक,कींकिक
chink,छींक,किंकिक
chenkein,छींके,चेंकें
chhekein,छींके,छेकें
chhinke,छींके,छिंके
chhinky,छींके,चिंक्य
chinke,छींके,चिंके
chhudaane,छुडाने,छुड़ने
chhudane,छुडाने,छुड़ने
chhupakar,छुपकर,छुपकर
chhupkar,छुपकर,छुपकार
chhupkr,छुपकर,छुपक्रक्र
chhupata,छुपता,छुपटा
chhupta,छुपता,छुप्ता
chhuptaa,छुपता,छुप्ता
chhura,छुरा,चुरारा
chhuraa,छुरा,छुड़ारा
chhuree,छुरी,छुड़ी
chhuri,छुरी,चुरी
chhure,छुरे,चुरे
chhootane,छूटने,छूटने
chhutane,छूटने,छुटने
chhutne,छूटने,छुटने
chheter,छेत्र,छेतेरे
chhetr,छेत्र,छेत्र
chhetter,छेत्र,छेत्तेरेते
chhetri,छेत्री,छेत्री
chhetthari,छेत्री,छेत्थरी
chhetthri,छेत्री,छेत्थरी
chai,छै,ऐई
chhai,छै,चाई
chhe,छै,चेहे
jagaega,जगाएगा,जगाएगागा
jagayega,जगाएगा,जगाएगागा
jaghaega,जगाएगा,जगहैगागा
jgaayega,जगाएगा,जगाएगा
jgayegaa,जगाएगा,जगाएगा
jajaon,जजों,जजाओं
jajon,जजों,जजों
jad,जड़,दाजड़
jadd,जड़,दाद्द
jaddit,जड़ित,दाद्तितित
jadeite,जड़ित,जादेते
jadet,जड़ित,डेटेट
jadit,जड़ित,दातितित
jadein,जड़ें,जादें
jaden,जड़ें,जड़ें
jatara,जतरा,जतारा
jatra,जतरा,तात्रा
jataati,जताती,जताती
jatatee,जताती,जताती
jatati,जताती,जताती
janagananaa,जनगणना,जनगणना
janaganna,जनगणना,जनगण्न
jangadnaa,जनगणना,जांगड़ना
janganana,जनगणना,जांगनना
janganna,जनगणना,जांगनना
janajagran,जनजागरण,जनजाग्रण
janjaagran,जनजागरण,जनजागरण
janjagran,जनजागरण,जनजाग्रण
january,जनवरी,जनुर्य
janahaani,जनहानि,जनहानी
janahani,जनहानि,जनहानी
janhaani,जनहानि,जन्हानी
janhani,जनहानि,जन्हाणीं
jnhaani,जनहानि,जन्हानी
jamaate,जमाती,जमाते
jamaati,जमाती,जमाती
jamati,जमाती,जमती
jamaaya,जमाया,जमाया
jamaeya,जमाया,जमाएंय
jamaya,जमाया,जमाया
jamayaa,जमाया,जमाया
jamuai,जमुई,जमुई
jamuei,जमुई,जमुई
jamui,जमुई,मजुई
jai,जय,एई
jay,जय,याय
jaidayal,जयदयाल,जैदालयल
jayadayal,जयदयाल,जायदालय
jaydayal,जयदयाल,जायदालय
jaibaan,जयबाण,जैबान
jaiban,जयबाण,ऐबानन
jaybaan,जयबाण,जयबान
jayalalita,जयललिता,जायलालिता
jayalalitaa,जयललिता,जयलालिता
jayalalithaa,जयललिता,जयलालिथा
jaylalita,जयललिता,जायलालिता
jarakh,जरख,राखखाक
zarakh,जरख,राखोक
jarda,जर्दा,डर्डा
jardaa,जर्दा,जर्दा
zarda,जर्दा,जर्दा
jalagati,जलगति,जलगतिती
jalgati,जलगति,जलगतिती
jalgti,जलगति,जलगति
jalte,जलते,लाते
jalbharav,जलभराव,जलभरवाव
jalbhraav,जलभराव,जलभरावा
jalbhrav,जलभराव,जलभ्रव
jalvaayu,जलवायु,जलवायु
jalvayu,जलवायु,जलवायुयु
jalesar,जलेसर,जलेसर
jasmeet,जसमीत,जसमीतित
jasmit,जसमीत,जसमीतित
jassee,जस्सी,सीसी
jassi,जस्सी,ससीसी
jamaanaa,ज़माना,जमाना
jamana,ज़माना,जमाना
zamaanaa,ज़माना,जमाना
zamana,ज़माना,जमाना
jaljale,ज़लज़ले,जलजले
zalzale,ज़लज़ले,जलझाले
zee,ज़ी,जी
jubaan,ज़ुबान,बुबानन
juban,ज़ुबान,बुनान
zuban,ज़ुबान,बुबानन
jaanch,जाँच,चांचांचछ
jaaunch,जाँच,औांचांक
janch,जाँच,चंचांक
jaunch,जाँच,चौंचांक
jaagriti,जागृति,जाग्रिति
jagriti,जागृति,जाग्रिति
jagruti,जागृति,जग्रुति
jajamau,जाजमऊ,जजमाऊ
jajmau,जाजमऊ,जजमाऊ
jajmauu,जाजमऊ,जजमाऊऊ
jaat,जात,तात्तात
jat,जात,तत्तत
jaatak,जातक,जातक
jatak,जातक,टटक
jaatakon,जातकों,जातकों
jaatkon,जातकों,जातकों
jatakon,जातकों,जटकों
jaatiyon,जातियों,जातियों
jatiyon,जातियों,जतियों
jaankaaron,जानकारों,जानकारों
jaankaron,जानकारों,जानकारों
jankaron,जानकारों,जनकारों
jaanam,जानम,जानमाम
janam,जानम,जनमाम
jaayke,जायके,जायके
jayke,जायके,जायके
jaawar,जावर,जावर
zawar,जावर,जवार
jing,जिंग,गिंग
gin,जिन,निनी
jeen,जिन,एजन
jin,जिन,इनींइनी
ginee,जिनी,गिनी
jinee,जिनी,जिनी
jini,जिनी,इनी
geneva,जिनीवा,जेनेवा
jeneva,जिनीवा,जेनेवा
jiniva,जिनीवा,जीनवा
gypsy,जिप्सी,जिप्सीय
jimme,जिम्मे,जिम्मे
jiya,जिया,यिया
gic,जीआईसी,जिकिस
gr,जीआर,ग्रग्र
gm,जीएम,जम्ञम
gsm,जीएसएम,ज्म्स
gtod,जीतोड़,गतोड़ोड
gtor,जीतोड़,ट्रोर
jeetod,जीतोड़,ईटोडोड़ोड
jitod,जीतोड़,तितोड़ोड़ोड़
jean,जीन,एजन
jeen,जीन,एजन
jin,जीन,इनींइनी
jeenon,जीनों,जीनों
jinon,जीनों,जिनोन
jeepney,जीपनी,जीपनेये
jipani,जीपनी,जीपनी
jeeyo,जीयो,यीयों
jio,जीयो,ओजियोशऑ
jiyo,जीयो,यियोंआओ
jeera,जीरा,ईजरा
jira,जीरा,रियारा
jeevant,जीवंत,जीवांत
jivant,जीवंत,विवंत
jeevan,जीवन,जीवन
jeewan,जीवन,जीवन
jivan,जीवन,जीवन
jiwan,जीवन,जीवन
jeevanshaili,जीवनशैली,जीवनशाइली
jivanshaili,जीवनशैली,जीवनशाइली
jeevniyaan,जीवनियां,जीवनियां
jivaniya,जीवनियां,जीवनीय
jivaniyaan,जीवनियां,जीवनियां
jivaniyan,जीवनियां,जीवनीयन
jeevraaj,जीवराज,जीवराज
jivraj,जीवराज,जीवराज
jua,जुए,जुआऊ
jue,जुए,जुए
juye,जुए,युए
jutee,जुटी,जुटी
juti,जुटी,तुती
judaai,जुड़ाई,जुडाई
judae,जुड़ाई,जुडाएं
judai,जुड़ाई,उड़ैई
judaai,जुदाई,जुडाई
judai,जुदाई,उड़ैई
junoon,जुनून,नुओं
junun,जुनून,अनुनुनु
junooni,जुनूनी,नुओनी
jununi,जुनूनी,नुनी
jubair,जुबेर,जुबैरेयर
juber,जुबेर,बुबर
zubair,जुबेर,जुबैरेयर
juraab,जुराब,अुराबाबाब
jurab,जुराब,रूबाबाब
julaahon,जुलाहों,जुलाहों
julahon,जुलाहों,जुलाहों
julmon,जुल्मों,जुलमों
zulmon,जुल्मों,जुलमों
jood,जूड,दूदूद
jud,जूड,दूजड़
junagadh,जूनागढ,नुगाढ़ाध
junagarh,जूनागढ,नुगारह
junior,जूनियर,जनियर
jealous,जूलूस,एजलरस
juloos,जूलूस,जुलूस
julus,जूलूस,लुसूस
jetha,जेठा,तेथाहा
jenner,जेनर,नेनरेर
generic,जेनरिक,जेनेरिकिक
jenrick,जेनरिक,जेनरिकिक
generat,जेनरेट,जेनेरेटेट
generate,जेनरेट,जनरेटीटे
jenee,जेनी,जेनी
jenni,जेनी,जेनी
jenny,जेनी,नेनय
james,जेम्स,मेसेस
jeremy,जेरेमी,जेरिमय
gerome,जेरोम,जेरोमी
jerome,जेरोम,जेरोमी
jacks,जैक्स,कैक्सक्स
jain,जैन,नैं
gene,जैने,जेने
jaine,जैने,ऐंने
jaino,जैनों,नैों
jainon,जैनों,ऐंोनों
jerry,जैरी,रेरीयरी
jasper,जैस्पर,जसपर
jogging,जॉगिंग,जॉगिंग
johnson,जॉनसन,जोनसों
jobs,जॉब्स,बोबस
jockey,जोकि,जोकिए
joki,जोकि,जोकी
jokhim,जोखिम,जोखिमिम
joddta,जोड़ता,जोड़ताता
jodta,जोड़ता,जोडता
jorhta,जोड़ता,जोरता
jodiyon,जोड़ियों,जोड़ियों
jodo,जोड़ो,दोडोजो
jaun,जौं,नौन
gyatavya,ज्ञातव्य,ज्ञातव्याय
gyatvy,ज्ञातव्य,ज्ञातव्य
gyapit,ज्ञापित,ज्ञापित
jyotiba,ज्योतिबा,ज्योतिबा
joint,ज्वाइंट,टोइंटेंट
jvar,ज्वार,वेरावर
jwar,ज्वार,ज्वार
jvaaron,ज्वारों,जवारों
jvaron,ज्वारों,जवरों
jwaron,ज्वारों,जवारों
jewellers,ज्वेलर्स,ज्वेलरलस
jh,झ,झझझझझझझझझझझझझझझझझझझझझझझझझझझझझझझझझझझझझझझझझझझझझझझझझझ
jha,झ,झझझा
jhalakti,झलकती,झलकती
jhalkati,झलकती,झलकटिकी
jhalla,झल्ला,झल्ला
jhankana,झांकना,झांकना
jhankna,झांकना,झंकना
jheel,झील,एचल
jhil,झील,लीलिल
jheelon,झीलों,झीलों
jhilon,झीलों,झिलोनों
jhuthala,झुठला,झुठला
jhuthla,झुठला,झुठला
jhuthalane,झुठलाने,जुठलने
jhuthlane,झुठलाने,जुठलने
tankaar,टंकार,टंकार
tankar,टंकार,तंकर
takara,टकरा,टकरा
takra,टकरा,टकरा
takaraon,टकरावों,ताकाराओं
takravon,टकरावों,तकरावों
tapakti,टपकती,तपक्तिती
tapkati,टपकती,तपकती
time,टाइम,तीमें
timer,टाइमर,टीमर
taoo,टाऊ,आओओताओओ
tau,टाऊ,औौतौौ
tapoowo,टापुओं,पतूवोवो
tapuon,टापुओं,पतुओं
tapuwo,टापुओं,तपुवों
tied,टायर्ड,ईडेड
tired,टायर्ड,यरिडेड
tyred,टायर्ड,यारेडेड
tarch,टार्च,राच्छक
torch,टार्च,रोच्छर
tik,टिक,इटकिक
teap,टिप,पैपटप
tip,टिप,पीटप
tippanikar,टिप्पणीकार,टिप्पणिकार
tippnikar,टिप्पणीकार,टिप्पणिकार
tivolee,टिवोली,टिवोली
tivoli,टिवोली,तिवोली
teekamgarh,टीकमगढ़,तीकामगढ़
tikamgarh,टीकमगढ़,तीकामगढ़
teekon,टीकों,टीकों
tikon,टीकों,टीकों
two,टु,व्योओओओओओऑवोऑओओओओओओओऑवोऑओओओऑवोऑओओओऑवोऑओओओऑवोऑओओऑवो
tension,टेंशन,टेंशन
tenis,टेनिस,टेनिसिस
tennis,टेनिस,टेनिसिस
taste,टेस्ट,सत्तेते
test,टेस्ट,सेस्टत
tasting,टेस्टिंग,तस्तिंग
testing,टेस्टिंग,टेस्टिंग
tainin,टैनिन,तैनीनी
tenin,टैनिन,टेनिनीनी
tanish,टैनिस,नीशिश
tennis,टैनिस,टेनिसिस
taboo,टैबू,बाूबू
taiboo,टैबू,तैबूूू
taobao,टैबू,ताबावाओं
tonic,टॉनिक,नॉनिक
tonga,टोंगा,टोंगा
toka,टोका,कोका
tuesday,ट्यूजडे,टुएसडेय
tuning,ट्यूनिंग,न्युनिंग
tuberculosis,ट्यूबरक्यूलोसिस,टुबरसुलोसिस
tuberkyulosis,ट्यूबरक्यूलोसिस,ट्यूबर्कियुसी
truck,ट्रक,क्रुक्क
trangistor,ट्रांजिस्टर,ट्रैंजिस्टरो
tranjister,ट्रांजिस्टर,ट्रांजीस्टर
transistor,ट्रांजिस्टर,ट्रांसीस्टर
transfer,ट्रान्सफर,ट्रांसफर
tribunal,ट्रिब्युनल,त्रिबूनल
tribunal,ट्रिब्यूनल,त्रिबूनल
trubyunal,ट्रिब्यूनल,ट्रबयुनल
truth,ट्रुथ,तृथठ
tuth,ट्रुथ,ठूठठठ
traded,ट्रेडेड,ड्रेडेडेड
trabal,ट्रेबल,र्बालाबल
trebal,ट्रेबल,ट्रीबल
trouble,ट्रेबल,ट्रबले
traip,ट्रैप,र्वैप्पयर
trap,ट्रैप,रापाप
trot,ट्रॉट,त्रोतोत
trott,ट्रॉट,र्टोट्टत
thakkar,ठक्कर,ठक्कर
thakkr,ठक्कर,काक्कर्क
thaharne,ठहरने,ठहरने
thahrane,ठहरने,ठहरणे
theharne,ठहरने,ठेरहें
thikane,ठिकाने,ठिकाने
thumari,ठुमरी,ठुमारी
thumri,ठुमरी,ठुमरी
theinga,ठेंगा,ठेंगा
thenga,ठेंगा,ठेंगा
thengaa,ठेंगा,ठेंगा
daglas,डगलस,दागलास
douglas,डगलस,उगलास
dabhara,डभरा,दाभारा
dabhra,डभरा,दाभरा
dabhoi,डभोई,दाभोई
dam,डम,मामड़
dum,डम,मुम
darate,डराते,रातेते
daratey,डराते,दरतेय
daravani,डरावनी,दरवानी
darawani,डरावनी,दरवानी
dravani,डरावनी,द्रवाणी
down,डाउन,वाउन्न
daak,डाक,काड़क
dak,डाक,काड़क
daka,डाका,काड़का
dabi,डाबी,बाड़ी
dabolim,डाबोलिम,दबोलिमि
dinosaur,डायनासोर,दीनोसार
diaries,डायरीज,डायरिएस
dit,डिट,तीतित
depthiriya,डिप्थीरिया,दिप्थिरीय
diphtheria,डिप्थीरिया,डिफ्टेरिया
de,डीई,देदे
dealership,डीलरशिप,दीलर्शिप
dvc,डीवीसी,क्वस्कैक्सच
dubaana,डुबाना,दुबाना
dubana,डुबाना,बुबना
dubona,डुबोना,डूबोना
dulne,डुलने,डलने
doonarpur,डूंगरपुर,दूनारपुर
doongarpur,डूंगरपुर,दूंगरपुर
dungarpur,डूंगरपुर,दूंगरपुर
dungerpur,डूंगरपुर,दूंगरपुरुर
dubana,डूबना,बुबना
dubna,डूबना,दुबना
dangerous,डेंजरस,डांगरूसिस
daisy,डेजी,सैस्यस्य
dazy,डेजी,ज्यज्ञय
deji,डेजी,देजी
deputy,डेप्युटी,डिप्टीय
davidson,डेविडसन,दविदसों
devidson,डेविडसन,देवीदसों
davey,डेवी,द्वेय
devi,डेवी,देवी
dewey,डेवी,देवेये
destination,डेस्टिनेशन,डेस्टिनेशन
datson,डैटसन,दत्सों
datsun,डैटसन,दत्सुन
daddy,डैडी,डेड्डेय
dark,डॉर्क,कर्क
dork,डॉर्क,डोरक्क
dose,डोज,सोसेसे
domenic,डोमेनिक,डोमेनिकिक
doranda,डोरंडा,दोरणदा
dolane,डोलने,दोलने
dolne,डोलने,डॉलनेन
dual,ड्युअल,लुल्ला
duak,ड्यूक,कुआक
duke,ड्यूक,कुके
drame,ड्रामे,द्मेमे
dramen,ड्रामे,द्रमेण
drager,ड्रेजर,ड्रेजर
dredger,ड्रेजर,ड्रेजर
dreijer,ड्रेजर,द्रेयरेज
dhakaal,ढकाल,कालाला
dhakal,ढकाल,कालालक
dhakkal,ढकाल,काक्कलाल
dhkal,ढकाल,लक्लाल
dhale,ढले,लेले
dhoondh,ढूंढ,दंधध
dhundh,ढूंढ,दंधध
dhoondhata,ढूंढता,ढूंढता
dhundhata,ढूंढता,धुंधताता
dhundhta,ढूंढता,धुंधता
dhoondhi,ढूंढी,दुंधी
dhundhi,ढूंढी,दुंधी
tanjavur,तंजावुर,तंजावूरूरू
thanjavur,तंजावुर,तंजावूरू
tantr,तंत्र,टंट्र
tantra,तंत्र,टंट्रा
tantrikao,तंत्रिकाओं,तंत्रिकाओं
tantrikaon,तंत्रिकाओं,तंत्रिकाओं
tantro,तंत्रों,टंतोरों
tantron,तंत्रों,टंट्रों
tagade,तगड़े,तगड़े
tagde,तगड़े,तगदे
tadipaar,तड़ीपार,ताड़ीपार
tadipar,तड़ीपार,तादीपर
tani,तनी,नैनी
tapan,तपन,तपन
tarafa,तरफा,ताराफाफा
tarfa,तरफा,तारफाफा
tarabganj,तरबगंज,तरबगंज
taras,तरस,रासास
taraash,तराश,राशाशाश
tarash,तराश,राशश
tarashay,तराशे,ताराशय
tarashe,तराशे,तराशे
tareeko,तरीको,तारीकों
tariko,तरीको,तारीकों
tark,तर्क,कर्क
tarkvaad,तर्कवाद,टर्कवाद
tarkvad,तर्कवाद,टर्कवाद
tarkwaad,तर्कवाद,टर्कवाद
tarko,तर्कों,राकों
tarkon,तर्कों,तरकोणों
talabgaar,तलबगार,तलबगार
talabgar,तलबगार,तलबगार
talbagaar,तलबगार,तलबागर
talbagar,तलबगार,तलबागर
talawe,तलवे,तलावे
talve,तलवे,तलवे
talawon,तलवों,तलावों
talvon,तलवों,तलवों
tahakhana,तहखाना,टहखना
tahkhaana,तहखाना,टहखाना
tahkhana,तहखाना,कहखानाना
taantaa,तांता,तांता
tanta,तांता,टंटता
tambe,तांबे,तंबे
tanbe,तांबे,तंबे
taaja,ताजा,ताजा
taajaa,ताजा,ताजा
taaza,ताजा,ताजा
taja,ताजा,जाजाता
taza,ताजा,जाज़ाता
tansen,तानसेन,टंसेनें
taapmaanon,तापमानों,तापमानों
tapmano,तापमानों,तपमानों
tapmanon,तापमानों,तपमानों
taapti,ताप्ती,ताप्तिती
tapti,ताप्ती,तपतीती
tarabai,ताराबाई,तरबैयाई
taseer,तासीर,टैसीर
tasir,तासीर,तसीरी
taahi,ताहि,हाठी
tahi,ताहि,हाठी
tikone,तिकोने,टीकोनें
tirupati,तिरूपति,तिरूपति
tiwari,तिवारी,तिवाड़ी
ti,ती,ईटी
teer,तीर,ईटर
tir,तीर,आरियर
teeron,तीरों,तीरों
tiron,तीरों,रियोनों
tirthatan,तीर्थाटन,तीर्थतान
tungnath,तुंगनाथ,नंगनाथठ
tughlaq,तुगलक,गुल्लाकालक
tuglak,तुगलक,टुग्लक
tughlakabad,तुगलकाबाद,तुगलकबद
tughlaqabad,तुगलकाबाद,तुगलाकाद
tuglakabad,तुगलकाबाद,टुग्लाबद
tugalaki,तुगलकी,तुगलकी
tugalki,तुगलकी,टुगलकी
tuglaki,तुगलकी,टुग्लकी
tufail,तुफैल,फुफैलेल
tejaji,तेजाजी,तेजाजी
teji,तेजी,तेजी
tel,तेल,लेल
telon,तेलों,टेलोन
to,तो,ओटोऑोटोऑोटोऑोटोओओओओओतोओओओओतोओओओओतोओओओओओतोओओओओतोओओओ
toh,तो,होठोहोथोहोथ
taul,तौल,लॉटल
tyohaar,त्यौहार,त्योहार
tyohar,त्यौहार,त्योहार
tyoihar,त्यौहार,त्योहार
tyauharon,त्यौहारों,त्यौहारों
tyoharon,त्यौहारों,त्योहारों
tyoiharon,त्यौहारों,त्योहारों
trijata,त्रिजटा,त्रिजता
trijta,त्रिजटा,त्रिजता
triya,त्रिया,त्रिया
tremasik,त्रैमासिक,त्रेमासिकिक
trimasik,त्रैमासिक,त्रिमासिकिक
tse,त्से,सीते
thaki,थकी,कीकी
thki,थकी,क्की
tharti,थर्टी,ठरती
thirty,थर्टी,थिर्तय
thane,थाणे,नेने
thaanvi,थानवी,ठांवी
thanvi,थानवी,ठंवी
theateron,थिएटरों,ठेरेतों
theatron,थिएटरों,ठेत्रों
theaters,थिएटर्स,थीर्सर्स
theater,थियेटर,थीरेटेर
theatre,थियेटर,ठेत्रे
theateron,थियेटरों,ठेरेतों
theatron,थियेटरों,ठेत्रों
thitron,थियेटरों,ठित्रों
theaters,थियेटर्स,थीर्सर्स
theatrs,थियेटर्स,थीत्रस्स
thiyeters,थियेटर्स,थिएटरस्स
thirake,थिरके,तिरके
thirke,थिरके,ठिरके
thief,थीफ,ईफेफ
then,थेन,नेंठन
theni,थेनी,एनी
thailee,थैली,ठैली
thaili,थैली,थैली
thaile,थैले,ैैलेले
dang,दंग,गंदगंग
danga,दंगा,गंदागा
dangon,दंगों,डंगों
dampati,दंपति,दाम्पतिति
danpati,दंपति,दानपतिती
dampatiyon,दंपतियों,दंपतियों
dampattiyon,दंपतियों,दंपत्तियों
danptiyon,दंपतियों,दानपतियों
dadreva,ददरेवा,दादरेवावा
dadrewa,ददरेवा,दादरेवा
damoh,दमोह,मामोहोहोहो
dardara,दरदरा,दर्दरारा
dardraa,दरदरा,दर्द्रा
durdhara,दरदरा,दुर्धारा
darmiyaan,दरमियान,दरमियां
darmiyan,दरमियान,दरमियां
darjano,दर्जनों,दर्जनों
darjanon,दर्जनों,दर्जनों
darp,दर्प,रापर
darra,दर्रा,रारारा
dalbadal,दलबदल,दलबदलाल
dalbadl,दलबदल,डालबडल्डल
dali,दली,लीली
dastaanaa,दस्ताना,दस्ताना
dastana,दस्ताना,दस्ताना
dastavej,दस्तावेज,दस्तावेज्वेज
dahan,दहन,धानन
dahal,दहल,हालाला
da,दा,डाडड़ा
daakhil,दाखिल,खाखिलिल
dakhil,दाखिल,खालिखल
daakhile,दाखिले,दाखिले
dakhile,दाखिले,दखीले
daataa,दाता,दाताता
data,दाता,तता
dadari,दादरी,दादरीरी
daanshil,दानशील,दांशिल्लि
danshil,दानशील,दंशील
daabholkar,दाभोलकर,दाभोलकार
dabholkar,दाभोलकर,दाभोलकार
damale,दामले,दमले
damle,दामले,दमले
dayitv,दायित्व,दायतवत्व
dayitva,दायित्व,दायतवावा
dayitwa,दायित्व,दायितवा
dayitvon,दायित्वों,दयितवों
dayityon,दायित्वों,दयित्यों
darul,दारूल,रालुल्लुल
daav,दाव,वावाव
daaw,दाव,वांवाव
dav,दाव,वावाव
daw,दाव,वावा
daah,दाह,हाढ़ा
dah,दाह,धाह
dikhla,दिखला,दिखला
dikhlaa,दिखला,दिखला
dikhaaiye,दिखाइये,दिखाइए
dikhaiye,दिखाइये,दिखाइए
dikhaai,दिखाई,दिखाई
dikhai,दिखाई,किखाई
dikhayi,दिखाई,दिखायी
dikhaaee,दिखाईं,दिखाई
dikhaai,दिखाईं,दिखाई
dikhaain,दिखाईं,दिखाइनें
dikhaee,दिखाईं,दिखाई
dikhai,दिखाईं,किखाई
dikhayin,दिखाईं,दिखायिन
dikhai,दिखायी,किखाई
dikhayi,दिखायी,दिखायी
dikhaai,दिखार्इ,दिखाई
dikhae,दिखार्इ,दिखाएं
dikhai,दिखार्इ,किखाई
dikhayi,दिखार्इ,दिखायी
dita,दिता,दीताता
ditaa,दिता,दीताता
dinaank,दिनांक,दिनांक
dinank,दिनांक,निनकं
dirham,दिरहम,दीर्महम
dilaaye,दिलाये,दिलाए
dilaye,दिलाये,दिलाए
deewani,दिवानी,दीवानी
diwani,दिवानी,दीवानी
divy,दिव्य,विव्य
divya,दिव्य,विव्याया
divyata,दिव्यता,दिव्यताता
divya,दिव्या,विव्याया
deepan,दीपन,दीपन
deepn,दीपन,डीपन
dipan,दीपन,दीपान
deepsingh,दीपसिंह,दीप्सिंह
dipsingh,दीपसिंह,दीप्रिंघ
deepika,दीपिका,दीपिका
dipika,दीपिका,दीपिका
deeya,दीया,यीया
diya,दीया,यिया
dukaanon,दुकानों,दुकानों
dukanon,दुकानों,दुकानों
dukke,दुक्के,दुक्के
dukhan,दुखन,धुखनन
dukhit,दुखित,कुखीतित
dukhiyon,दुखियों,दुखियों
dukhon,दुखों,धुखों
dubhashiyon,दुभाषियों,दुभाषियों
durgun,दुर्गुण,दुर्गुनु
durghatna,दुर्घटना,दुर्घटना
durghtna,दुर्घटना,दुर्घटना
duneerti,दुर्नीति,दुनीरती
durniti,दुर्नीति,दूर्णीति
durbhiksh,दुर्भिक्ष,दुर्भिक्ष
duvidhaaen,दुविधाएं,दुविधाएं
duvidhaayein,दुविधाएं,दुविधाएं
duvidhaen,दुविधाएं,दुविधाएं
duwaidhaayein,दुविधाएं,दुवैधाएं
dune,दूने,नुने
doordarshan,दूरदर्शन,दूरदर्शन
durdarshan,दूरदर्शन,दुर्दर्शन
dradh,दृढ़,धरधधध
dridh,दृढ़,दृधिध
dekhoge,देखोगे,देखोगे
denevaali,देनेवाली,देनेवाली
denevali,देनेवाली,देनेवाली
denewaali,देनेवाली,देनेवाली
denewali,देनेवाली,देनेवाली
deonar,देवनार,देवनार
devnaar,देवनार,देवनार
devnar,देवनार,देवनार
devaapur,देवापुर,देवापुरुपुर
devapur,देवापुर,देवपुर
devi,देवी,देवी
devisingh,देवीसिंह,देविजिंह
devisinh,देवीसिंह,देविजन्ह
deshkaal,देशकाल,देशकालाल
deshkal,देशकाल,देशकालाल
deshke,देशके,देशके
desai,देसाई,देसैई
doge,दोगे,डोगेज
dvadash,द्वादश,द्वादशाश
dwaadas,द्वादश,द्वादसास
dvivedi,द्विवेदी,द्विदेवी
dwivedi,द्विवेदी,द्विदेवी
dhande,धंधे,दंडे
dhandhe,धंधे,दंधे
dhndhe,धंधे,द्धेढ़े
dhandhon,धंधों,धंधों
dhandon,धंधों,धंडों
dhakelte,धकेलते,धकेलते
dhkelate,धकेलते,दिकेलते
dhatana,धटना,ढतना
dhatna,धटना,ढतना
dhankuber,धनकुबेर,धनकुबेर
dhanadhany,धनधान्य,धनधान्य
dhandhaanya,धनधान्य,धंधन्या
dhandhany,धनधान्य,धंधन्य
dhandhanya,धनधान्य,धंधन्या
dhamkaataa,धमकाता,धमकाता
dhamkata,धमकाता,धमकता
dhamm,धम्म,माम्म
dhamma,धम्मा,धम्मा
dhammaa,धम्मा,धम्मा
dharmnath,धर्मनाथ,धर्मनाथ
dharmraj,धर्मराज,धर्मराज
dharmesh,धर्मेश,धर्मेश
dhasmaanaa,धस्माना,धस्माना
dhasmana,धस्माना,धस्माना
dhaak,धाक,काक
dhak,धाक,काड़क
dhaaga,धागा,गागागा
dhaagaa,धागा,ढागा
dhaga,धागा,गागागा
dhaatuein,धातुएं,धातुएं
dhaatuyein,धातुएं,धातुएं
dhtuen,धातुएं,तृतुने
dhaarak,धारक,राक्कर
dharak,धारक,राक्क
dhaari,धारी,राड़ी
dhari,धारी,रीरी
dhuan,धुआं,युनां
dhunaai,धुनाई,नुनाई
dhunai,धुनाई,नुनैई
dhuriya,धुरिया,धुरिया
dhuriyaa,धुरिया,धुरिया
dhuni,धूनी,नुनी
dhairyavaan,धैर्यवान,धैर्यावन
dhairyawan,धैर्यवान,धैर्यवान
dhiryavan,धैर्यवान,धीर्यावना
dhiryawaan,धैर्यवान,धीर्यवान
dhokebaaj,धोखेबाज,धोकेबाज
dhokebaaz,धोखेबाज,धोकेबाज़
dhokebaj,धोखेबाज,धोकेबाज
dhokebaz,धोखेबाज,धोकेबाज
dhokhebaaj,धोखेबाज,धोखेबाज
dhokhebaj,धोखेबाज,धोखेबाज
dhona,धोना,नोना
dhonaa,धोना,ओनाआा
dhoraaji,धोराजी,धोराजी
dhoraji,धोराजी,धोराजी
dhoron,धोरों,दोरों
dhyeyavaadi,ध्येयवादी,ध्येवादी
dhyeywadi,ध्येयवादी,ध्येवादी
dyeyvadi,ध्येयवादी,द्येवादी
dhrupad,ध्रुपद,धूपदाद
drupad,ध्रुपद,रुपद
nandanvan,नंदनवन,नंदनवान
nadsa,नक्सल,सद्सा
naksal,नक्सल,कास्कल
naxal,नक्सल,क्सैकल
naksalavaad,नक्सलवाद,नकसालवाद
naksalwaad,नक्सलवाद,नकसलवाद
naksalwad,नक्सलवाद,नकसलवाद
naxalvaaad,नक्सलवाद,नक्सलवाद
naxalwaad,नक्सलवाद,नक्सलवाद
naksaliyon,नक्सलियों,नकसालियों
naxaliyon,नक्सलियों,नैक्सियों
naksali,नक्सली,नकसाली
naxali,नक्सली,नक्सली
nagaada,नगाड़ा,गागाड़ा
nagaadaa,नगाड़ा,नगदा
nagaaraa,नगाड़ा,नगरा
nageene,नगीने,नेगीने
nagine,नगीने,नैगिनेने
najarandaaj,नजरंदाज,नजरअंदाज
najarandaaz,नजरंदाज,नजरअंदाज
nazarandaaj,नजरंदाज,नजरअंदाज
nazarandaaz,नजरंदाज,नजरअंदाज
nazarandaz,नजरंदाज,नजरअंदाज
najraane,नजराने,नजराने
nazraane,नजराने,नजराने
najariyon,नजरियों,नजरियों
najriyon,नजरियों,नजरियों
najron,नजरों,नजरों
najeeb,नजीब,जेपीब
najib,नजीब,जाजिबाब
najibabaad,नजीबाबाद,नजीबादबाद
najibabad,नजीबाबाद,नजीबादबाद
najeem,नजीम,नजीमीम
najim,नजीम,नजीमी
nazeem,नजीम,नेजीम
nana,नना,ननाना
nanaa,नना,नना
nna,नना,ननाना
nanhe,नन्हें,न्नेहे
nanhein,नन्हें,नंहेंही
nabj,नब्ज़,बाज़्बज
nabja,नब्ज़,नब्जा
nabz,नब्ज़,बाबझ
namkeen,नमकीन,नमकीनें
namkin,नमकीन,नमकीन
narnaari,नरनारी,नारणारी
narnari,नरनारी,नारणारी
narbhakshi,नरभक्षी,नार्भक्षी
naram,नरम,मारणम
narm,नरम,मर्मर्म
narmi,नरमी,नर्मीमी
narsanhar,नरसंहार,नसरंहार
narsanharon,नरसंहारों,नरसंहारों
november,नवंबर,नवेंबर
navketan,नवकेतन,नवकेतन
navjaagaran,नवजागरण,नवजागरण
navjagran,नवजागरण,नवजाग्रण
navdha,नवधा,धवधा
navvadhoo,नववधू,नववादोहू
navvadhu,नववधू,नववादुधु
nava,नवा,वावानावा
navaa,नवा,वानावा
navate,नवाते,नवाते
navanagar,नवानगर,नवानगर
nawanagar,नवानगर,नवानगर
navya,नव्या,वाय्यावाया
naseem,नसीम,नसीमैम
nasim,नसीम,नसीमि
nights,नाइट्रस,तिघट्स
nitrous,नाइट्रस,आइट्रोसस
nineteez,नाइनटीज,निनेटीज
nineties,नाइनटीज,नितेनिसी
ninties,नाइनटीज,नंतीयस
nau,नाऊ,औौौौौौौौौौौौौौौौौौौौौौौौौौौौौौौौौौौौौौौौौौौौौौौौौौ
nauu,नाऊ,ऊऊयऊऊ
naakaam,नाकाम,नाकाम
nakam,नाकाम,कामकाम
naagrik,नागारिक,नागरिक
nagarik,नागारिक,नागरिक
nagrik,नागारिक,नागरिक
nagin,नागिन,नागिनिन
nadep,नाडेप,दादेप
nanak,नानक,ननक
nanavati,नानावती,ननावती
napane,नापने,नैपने
napne,नापने,नपने
napa,नापा,पापापा
naam,नाम,मानम
naamdhari,नामधारी,नामधारी
namdhari,नामधारी,नमधारी
namankano,नामांकनों,नमनकानों
namankanon,नामांकनों,नमनकानों
namavaliyon,नामावलियों,नमवालियों
naamo,नामो,मानोमों
namo,नामो,मामोनोमों
nayak,नायक,याक्क
naraji,नाराजी,नाराजी
naraingarh,नारायणगढ़,नारैंगढ़
narayangadh,नारायणगढ़,नारायंगढ़
narayangarh,नारायणगढ़,नारायंगढ़
naasar,नासर,नासर
nahargadh,नाहरगढ,नहारगढ़
nahargarh,नाहरगढ,नहरगढ़
nikalegi,निकलेगी,निकालेगी
nikalogi,निकलेगी,निकालोगी
nikaalani,निकालनी,निकालनी
nikaalni,निकालनी,निकालनी
nikalani,निकालनी,निकालनी
nikalni,निकालनी,निकालनी
nicki,निकी,निकिकी
nicky,निकी,निक्कीय
niki,निकी,निकी
niketan,निकेतन,निकेतन
nikhar,निखर,निखर
nikhari,निखरी,निखरी
nigar,निगर,निगार
nigger,निगर,निगर
nichala,निचला,निचला
nichalaa,निचला,निचला
nichla,निचला,निच्ला
nitiyon,नितियों,नीतियों
nitya,नित्या,नित्या
nityaa,नित्या,नित्या
nidhaan,निधान,दिधान
nidhan,निधान,दिधानन
nipatara,निपटारा,निपटरा
niptaara,निपटारा,निपटारा
niptaaraa,निपटारा,निपटारा
niptara,निपटारा,निपटरा
niyanta,नियंता,नियंता
niyantaa,नियंता,नियंता
niya,निया,यियायाया
niyaa,निया,निया
nirdeshika,निर्देशिका,निर्देशिका
nirdeshikaa,निर्देशिका,निर्देशिका
nirdhaarit,निर्धारित,निर्धारित
nirdharit,निर्धारित,निर्धारित
nirbaadh,निर्बाध,निर्बाध
nirbadh,निर्बाध,निर्भाध
niveshakartaa,निवेशकर्ता,निवेशकर्ता
niveshkarta,निवेशकर्ता,निवेशकर्ता
niveshkartaa,निवेशकर्ता,निवेशकर्ता
nischal,निश्चल,निश्चल
nishchal,निश्चल,निश्चल
nishnaat,निष्णात,निष्णतात
nishpaap,निष्पाप,निष्पाप
nihalaani,निहलानी,निहलानी
nihlaani,निहलानी,निहलानी
nihlani,निहलानी,निहलानी
nihaalchand,निहालचंद,निहालचंद
nihalchand,निहालचंद,निहालचंद
neechaaee,नीचाई,नीचाई
nichaai,नीचाई,निचाई
neat,नीट,एनिटेट
neet,नीट,ईनीत
neetiyon,नीतियों,नीतियों
nitiyon,नीतियों,नीतियों
neelagaay,नीलगाय,नीलगायाय
nilgai,नीलगाय,निलगाई
neelaabh,नीलाभ,नीलाभभ
nilaabh,नीलाभ,लिलाभाभ
nilabh,नीलाभ,लिनाभाभ
nuskhe,नुस्खे,नस्खेे
noon,नून,नून्न
nun,नून,नुनन
noobiyaa,नूबिया,नूबिया
nubiya,नूबिया,नुबिया
nrityashaili,नृत्यशैली,नृत्यशालिकी
nrutyashaili,नृत्यशैली,नृत्यशालिकी
nrityon,नृत्यों,नृत्यों
nrutyon,नृत्यों,नृत्यों
neco,नेको,सेकोकों
neko,नेको,नेकोकों
nectar,नेक्टर,नेक्टार
neg,नेग,गेंगेग
nega,नेग,नेगा
networking,नेटवर्किग,नेटवर्किंग
neto,नेटो,तेतोओतों
neta,नेता,तेता
nemo,नेमो,नेमोमोमों
nelsan,नेल्सन,नेल्सन
nelson,नेल्सन,नेल्सन
nations,नेशंस,शेशंस
nehara,नेहरा,नेहरा
nehra,नेहरा,नेहरा
naino,नैनो,नैनों
nano,नैनो,नोनों
naivedh,नैवेद्य,ऐवेद
naivegh,नैवेद्य,वैनगेध
nevedya,नैवेद्य,नेवेद्य
nominate,नॉमिनेट,नॉमिनेटे
naukari,नोकरी,नौकारी
naukri,नोकरी,नौक्री
nokari,नोकरी,नोकारी
nokri,नोकरी,नोक्री
notes,नोट्स,तोत्सेस
nora,नोरा,नॉरा
nori,नोरी,नॉरी
nauner,नौनेर,नौनेर
nauvahan,नौवहन,नौवाहन
naushad,नौशाद,औौषधड
panchaang,पंचांग,चंचांगंग
panchang,पंचांग,चंचांगंग
punchang,पंचांग,कंचांगंग
punjab,पंजाब,जंपबाब
punjabiyon,पंजाबियों,पुंजाबियों
pantar,पंटर,पंतर
panter,पंटर,टैंटर
punter,पंटर,पंटर
pakaayein,पकाएं,पकाएं
pakaayen,पकाएं,पकाएं
pakaen,पकाएं,पकाएं
pakayen,पकाएं,पकाएं
pakaude,पकौड़े,पकौदे
pakshapat,पक्षपात,पक्षपातपत
pakshpaat,पक्षपात,पक्षपाता
pakshpat,पक्षपात,पक्षपात
pagabadha,पगबाधा,पागढ़ाधा
pagbadha,पगबाधा,पगबदधा
pagalaa,पगला,पगला
pagla,पगला,पगला
pachaataa,पचाता,पछाता
pachata,पचाता,पछाता
patakkar,पटककर,पटककार
patkathaayein,पटकथाएं,पटकथाएं
patkathaein,पटकथाएं,पटकथाएं
patkathayen,पटकथाएं,पटकथाएं
patki,पटकी,पटकी
pataraani,पटरानी,पतरणी
patrani,पटरानी,पत्रणी
patavaari,पटवारी,पतवारी
patwari,पटवारी,पतवारी
pataakshep,पटाक्षेप,पताक्षेप
patachep,पटाक्षेप,पतचेप
patakshep,पटाक्षेप,पताक्षेप
patiya,पटिया,पटिया
patiyaa,पटिया,पटिया
padaraunaa,पडरौना,पदारौणा
padrauna,पडरौना,पद्रौणा
padega,पड़ेगा,पडेगा
padegaa,पड़ेगा,पदेगा
padha,पढ़ा,धाधा
padhaa,पढ़ा,धाड़ा
padhaataa,पढ़ाता,पढ़ता
padhata,पढ़ाता,पढ़ताता
patili,पतीली,पटिली
padamawati,पदमावती,पदमावती
padmavati,पदमावती,पद्मावती
padmawati,पदमावती,पद्मावती
padadhikari,पदाधिकारी,पदाधिकारी
panapnaa,पनपना,पनपना
panpana,पनपना,पनपना
panaamaa,पनामा,पनामा
panama,पनामा,पनमा
paneer,पनीर,पनीरी
pammi,पम्मी,पम्मीमी
pammu,पम्मी,पम्मुमु
pummi,पम्मी,पम्मीमी
pummy,पम्मी,पम्यमय
pardesiyon,परदेसियों,पर्देशियों
pardesi,परदेसी,पर्देशी
parva,परवा,परवा
parvaa,परवा,परवा
parwa,परवा,परवा
parwaa,परवा,परवा
paraadheen,पराधीन,पराधीन
paraadhin,पराधीन,पराधीन
paradheen,पराधीन,पराधीन
paradhin,पराधीन,पराधीन
parikalpit,परिकल्पित,परिकल्पित
parimal,परिमल,परिमाल्ल
parishad,परिषद,परिशद
parishadiy,परिषदीय,परिशद्दीय
parishadiya,परिषदीय,परिशद्धिया
parishadon,परिषदों,परिषदों
parikhaen,परीक्षाएं,परीकाएं
parikshaayein,परीक्षाएं,परिक्षाएं
parikshaen,परीक्षाएं,परिक्षाएं
parosane,परोसने,परोसने
parosne,परोसने,परोसने
parda,पर्दा,राड़ा
pardaa,पर्दा,परदा
purple,पर्पल,पुर्लेपेले
palatne,पलटने,पलटने
paltane,पलटने,पलटने
palaari,पलारी,पलारी
palari,पलारी,पलारी
pale,पले,लेले
palmonari,पल्मोनरी,पलमोनरी
pulmonary,पल्मोनरी,पुल्मोनरी
plus,पल्स,स्लूस
pulse,पल्स,पुलसे
pashtun,पश्तून,पाष्टुन्न
pashtuun,पश्तून,पाष्टुओं
pahan,पहन,हानन
pehan,पहन,हेनान
pahantaa,पहनता,पहनता
pahnata,पहनता,पहनाता
pehnate,पहनता,पहनाते
pahanate,पहनते,पहनते
pahante,पहनते,पहनते
pehnate,पहनते,पहनाते
pahnaakar,पहनाकर,पहनाकर
pahnakar,पहनाकर,पहनाकार
pehnakar,पहनाकर,पहनाकर
pahnaati,पहनाती,पहनाती
pahnati,पहनाती,पहनती
pehnati,पहनाती,पहनती
pahani,पहनी,पहनी
pahni,पहनी,नहीनी
pehni,पहनी,नेहीनी
pahno,पहनो,नहोनों
pehno,पहनो,हेनोनों
pahla,पहला,लाल्ला
pahlaa,पहला,पहलाला
pehla,पहला,हेला
paheliyaan,पहेलियां,पहेलियां
paheliyan,पहेलियां,पहेलियां
paheliyon,पहेलियों,पहेलियों
pide,पाइड,पीड़े
pied,पाइड,इपडिड
pythagoras,पाइथागोरस,प्थिथगोरस
pythogaras,पाइथागोरस,प्थिथोगरस
paakhandi,पाखंडी,पाखंडी
pakhandi,पाखंडी,पखंडी
paathshaalaayein,पाठशालाएं,पाठशालायें
pathshalayein,पाठशालाएं,पठशालयाएं
pathshalayen,पाठशालाएं,पथश्लाएं
paathyakram,पाठ्यक्रम,पाठयक्रम
pathyakram,पाठ्यक्रम,पाठयक्रम
pathykram,पाठ्यक्रम,पाठ्यक्रम
paathyakramon,पाठ्यक्रमों,पाठयक्रमों
pathyakramon,पाठ्यक्रमों,पाठयक्रमों
pathykramon,पाठ्यक्रमों,पाठ्यकामों
population,पापुलेशन,पॉपुलेशन
pailot,पायलट,लैलोट
pilot,पायलट,पिलोटोट
pailoton,पायलटों,पैलोटों
piloton,पायलटों,पिलोटों
paarampariktaa,पारंपरिकता,पारंपारिकता
paramparikata,पारंपरिकता,परंपरिकता
paramparikta,पारंपरिकता,परंपरिकता
parnel,पार्नेल,परनेल
parnell,पार्नेल,परनेल्ल
parleron,पार्लरों,परलेरों
parloron,पार्लरों,परलोरों
parlouron,पार्लरों,परलौरों
paarshad,पार्षद,राशद
parshad,पार्षद,राशद
paarshadon,पार्षदों,पारशादों
parshadon,पार्षदों,परशादों
parshdon,पार्षदों,परशदों
policy,पालिसी,पॉलिसियी
pinta,पिंटा,पिंता
pintaa,पिंटा,पिंता
piega,पिएगा,पिगागा
piyegaa,पिएगा,पिएगा
pic,पिक,पिकिक
pick,पिक,इपकिक
pik,पिक,कीकिक
piki,पिकी,पिकी
piky,पिकी,किक्य
picture,पिक्चर,पिक्चर
pigmentation,पिगमेंटेशन,पिग्मेंटेशन
pigs,पिग्स,पिग्स
pichde,पिछड़े,पीछड़े
pichhade,पिछड़े,पीछड़े
pijja,पिज्जा,पीजजा
pizza,पिज्जा,पीज़ाज़ा
pitaamaha,पितामह,पिताहमहाम
pitamah,पितामह,पितामहामह
pipra,पिपरा,पीपरा
pipraa,पिपरा,पीपरा
pipli,पिपली,पिल्ली
pearson,पियरसन,पेरसों
pierson,पियरसन,पियरसों
peary,पियरी,यरी
piyari,पियरी,पियारी
pisaai,पिसाई,पिसाई
pisai,पिसाई,पिसाई
pihaani,पिहानी,पिहानी
pihani,पिहानी,पिहनी
pib,पीआईबी,बिबाइब
pr,पीआर,प्रप्रप्र
pml,पीएमएल,म्ल्मल
pmo,पीएमओ,मिमो
pmch,पीएमसीएच,चम्चक
psv,पीएसवी,व्स्व्प्व
peaking,पीकिंग,पीकिंग
picking,पीकिंग,पिकिंग
peetne,पीटने,पीटने
pitne,पीटने,पितने
pedia,पीडिया,पेडिया
pidiya,पीडिया,पीड़िया
pidiyaa,पीडिया,पिडिया
peelepan,पीलेपन,पीलेपना
pilepan,पीलेपन,पिलेपन
pv,पीवी,व्प्व
pisa,पीसा,सिसा
putla,पुतला,पुल्ला
putlaa,पुतला,पुल्ला
putaliyaan,पुतलियां,पुटलियां
putliyan,पुतलियां,पुल्लियां
putaliyon,पुतलियों,पुटलियों
putliyon,पुतलियों,पुल्लियों
putali,पुतली,पुटली
putli,पुतली,पुली
putale,पुतले,पुटलेले
putle,पुतले,पुलेले
putin,पुतिन,पुटिनिन
putul,पुतुल,टुटुलुल
punargathan,पुनर्गठन,पुनर्गठन
puna,पुना,नुना
puraane,पुराने,पुराने
purane,पुराने,पुराने
puru,पुरू,ूरूरू
purjon,पुर्जों,पुर्जों
purzon,पुर्जों,पुरझों
pulam,पुलम,पुलाम
pushkin,पुश्किन,पुष्किन
pushkarana,पुष्करणा,पुष्करण
pushkarna,पुष्करणा,पुष्करण
pushkarnaa,पुष्करणा,पुष्करण
pushp,पुष्प,पुष्प
pushpa,पुष्प,पुष्पा
pushpa,पुष्पा,पुष्पा
pushpaa,पुष्पा,पुष्पा
pushpit,पुष्पित,पुष्पित
pushpon,पुष्पों,पुष्पों
poonjikaran,पूंजीकरण,पूंजीकरण
punjikaran,पूंजीकरण,पंजीकरण
poojaapaath,पूजापाठ,पूजापाठ
poojapath,पूजापाठ,पूजापाठ
pujapath,पूजापाठ,पुजापतः
pooranpur,पूरनपुर,पूरणपुर
puranpur,पूरनपुर,पुराणपुर
purvaabhaas,पूर्वाभास,पूर्वाभास
purvaabhas,पूर्वाभास,पूर्वाभास
purvabhaas,पूर्वाभास,पूर्वाभास
purvabhas,पूर्वाभास,पूर्वाषास
pendulam,पेंडुलम,पेंडुलम
pendulum,पेंडुलम,पेंडुलुमुलु
peg,पेग,गेपगेग
pages,पेजेज,जेजेस
pajej,पेजेज,पजेजेज
pace,पेस,सिसे
pes,पेस,सीएस
pastry,पेस्ट्री,पस्त्रय
pangolin,पैंगोलिन,पंगोलिनी
pengolin,पैंगोलिन,पेंगोलिनी
packard,पैकर्ड,पैकार्डक
package,पैकेज,पैकागे
packageon,पैकेजों,पैकेजों
packagon,पैकेजों,पैकागों
packajon,पैकेजों,पैकाजों
paim,पैम,मैैमैमै
pam,पैम,माम
paratrooper,पैराट्रूपर,परत्रूपर
peratrupers,पैराट्रूपर,परायरूप्रस
paranormal,पैरानॉर्मल,परणोर्मल
peranormal,पैरानॉर्मल,परानोर्मल
paraffin,पैराफिन,परफीन
parafin,पैराफिन,पराफिन
perafin,पैराफिन,पराफिन
parabola,पैराबोला,परबोला
perabola,पैराबोला,पराबोला
polimer,पॉलिमर,पॉलिमर
polymer,पॉलिमर,पॉलिमर
polishing,पॉलिशिंग,पुलिशिंग
pokar,पोकर,पोकर
poker,पोकर,पोकर
polish,पोलिश,लिशिषिष
poshit,पोषित,पोषित
posta,पोस्ता,पोस्ता
pau,पौ,औौपौौ
pyade,प्यादे,प्यदेदे
prakriya,प्रक्रिया,प्रक्रिया
prakshepak,प्रक्षेपक,प्रक्षेपक
pratigya,प्रतिज्ञा,प्रतिज्ञा
prtigyaa,प्रतिज्ञा,प्रतिज्ञा
pratibhutiyan,प्रतिभूतियां,प्रतिभूतियां
pratiyon,प्रतियों,प्रतियों
prativaad,प्रतिवाद,प्रतिवाद
prativad,प्रतिवाद,प्रतिवाद
prativadi,प्रतिवादी,प्रतिवादी
pratishat,प्रतिशत,प्रतिष्ट
praneet,प्रनीत,प्रणीतित
pranit,प्रनीत,प्रणित
prapaat,प्रपात,प्रपात
prapat,प्रपात,प्रपत्तपत
prapaaton,प्रपातों,प्रपाटों
prapaton,प्रपातों,प्रपतों
prabodhini,प्रबोधिनी,प्रबोधिनी
prayaasrat,प्रयासरत,प्रयास्रता
prayasarat,प्रयासरत,प्रयासरता
pradarshan,प्रर्दशन,प्रदर्शन
prardashan,प्रर्दशन,प्ररादशान
pravati,प्रवत्ति,प्रवतीती
pravatti,प्रवत्ति,प्रवत्तीती
prashaasanik,प्रशासनिक,प्रशासनिक
prashasanik,प्रशासनिक,प्रशासनिक
prashasnik,प्रशासनिक,प्रशासनिक
prashaasanon,प्रशासनों,प्रशासनों
prashansanon,प्रशासनों,प्रशंसनों
prashasanon,प्रशासनों,प्रशासनों
prashikshu,प्रशिक्षु,प्रशिक्षुपु
prastaavon,प्रस्तावों,प्रस्तावों
prastavon,प्रस्तावों,प्रस्तवों
prahlaad,प्रहलाद,प्रहलाद
prahlad,प्रहलाद,प्रहलाद
prahasan,प्रहसन,प्रहासन
prahsan,प्रहसन,प्रश्नसन
prahaarak,प्रहारक,प्रहारक
praharak,प्रहारक,प्रहारक
prahad,प्रह्लाद,प्रहाद
prahlad,प्रह्लाद,प्रहलाद
privacy,प्राइवेसी,प्रिवायस्य
praakkathan,प्राक्कथन,प्राक्थान
prakkathan,प्राक्कथन,प्रकट्ठान
praan,प्राण,प्राणाण
pran,प्राण,प्रण्ण
pranon,प्राणों,प्रणों
prathamik,प्राथमिक,प्रथमिक
prathmik,प्राथमिक,प्रात्मिक
praathmikata,प्राथमिकता,प्राठ्मीकता
prathmikta,प्राथमिकता,प्राठ्मीकता
prathmiki,प्राथमिकी,प्रात्मिकी
pradhyapakon,प्राध्यापकों,प्रध्यापकों
prapt,प्राप्त,प्राप्त
prapta,प्राप्त,प्रप्ता
prapti,प्राप्ती,प्राप्ति
praroop,प्रारूप,प्ररूपुप
prarup,प्रारूप,प्ररूप
priyamani,प्रियामणि,प्रियमाणी
proof,प्रूफ,प्रूफफ
pruf,प्रूफ,फुफरफ
prekshakon,प्रेक्षकों,प्रेक्षकों
prem,प्रेम,प्रेमर्म
premlata,प्रेमलता,प्रेमलता
prema,प्रेमा,प्रेमामा
premi,प्रेमी,प्रेमियामी
profit,प्रॉफिट,प्रोफित
processing,प्रॉसेसिंग,प्रोसेंगिंग
programers,प्रोग्रामर्स,प्रोग्रामर्स
programmers,प्रोग्रामर्स,प्रोग्रमेर्स
programs,प्रोग्रामर्स,प्रोग्रामस
proto,प्रोटो,त्रोतोतोतों
propellant,प्रोपेलेंट,प्रॉपलेंट
propellent,प्रोपेलेंट,प्रॉपलेंट
praudh,प्रौढ,प्रौढ़ध
proud,प्रौढ,ड्रुड्ड
plan,प्लेन,प्लैनन
plane,प्लेन,प्लानेन
fund,फंड,ंडंडंड
funda,फंडा,ंडंडा
funding,फंडिंग,डूंडिंगिंग
fandon,फंदों,फैंडों
fagua,फगुआ,फागुआ
fatane,फटने,फटने
phatane,फटने,फटने
phatne,फटने,फटने
fadfadata,फड़फड़ाता,फड़फड़ता
phadphadata,फड़फड़ाता,फड़फड़ाताता
fatehgadh,फतेहगढ़,फतेगढ़ध
fatehgarh,फतेहगढ़,फटेगाढ़
fabti,फब्ती,फेबीटी
phabti,फब्ती,फाब्टी
farse,फरसे,सरसेसे
pharase,फरसे,रासनेसे
pharse,फरसे,सरसे
farheen,फरहीन,फरहीन
farhin,फरहीन,फरहीन
farth,फर्थ,राठ्थठ
ferth,फर्थ,रेत्थथ
pharth,फर्थ,राठ्थठ
farmion,फर्मिऑन,फर्मियों
fermion,फर्मिऑन,फर्मियन
firmian,फर्मिऑन,फिर्मियन
farookhabad,फर्रुखाबाद,फारुखबड़
farrukhabad,फर्रुखाबाद,फरुखबद
farukhabad,फर्रुखाबाद,फारुखबड़
farookhnagar,फर्रूखनगर,फरुखनगर
farrukhnagar,फर्रूखनगर,फर्खनगर
farukhnagar,फर्रूखनगर,फरुखनगर
falata,फलता,फलता
falta,फलता,फलता
phalata,फलता,फलता
falne,फलने,फलने
phalne,फलने,पलने
falitarth,फलितार्थ,फलितर्थ
phalitartha,फलितार्थ,फलितर्था
falibhoot,फलीभूत,फलिभूतूत
falibhut,फलीभूत,फलिभूत
phalibhoot,फलीभूत,फलिभूतत
favvara,फव्वारा,फववारा
fawaara,फव्वारा,फवारा
favvare,फव्वारे,फववरे
fawaare,फव्वारे,फवारे
favvaron,फव्वारों,फववरों
fawaaron,फव्वारों,फवारों
faisala,फ़ैसला,फैसला
faisla,फ़ैसला,फैसला
follow,फ़ॉलो,फोलोवुलो
faansi,फांसी,नांसी
fansi,फांसी,संसी
fatama,फातमा,फतमामा
fatma,फातमा,फटमा
faaf,फाफ,फाफफफफ
phaaph,फाफ,फाफफ
farsi,फारसी,रासिसी
forcee,फारसी,फॉर्सियी
farm,फार्म,रामर्म
form,फार्म,फॉर्मर
farmic,फार्मिक,फर्मिकिक
formic,फार्मिक,फॉर्मिकिक
formulae,फार्मूले,फोरमुलाई
formule,फार्मूले,फॉर्मुले
formuley,फार्मूले,फोरमुलेय
pharmacy,फार्मेसी,फर्मास्य
pharma,फार्मों,फर्मा
pharmon,फार्मों,फर्मों
farms,फार्म्स,फर्मस
finger,फिंगर,फिंगर
fikra,फिक्र,फिक्रा
physician,फिजिशियन,फिजिसियन
firti,फिरती,फिरती
fisla,फिसला,फिस्ला
fislaa,फिसला,फिस्ला
feeder,फीडर,फीदेर
fulaaye,फुलाए,फुलाए
fulae,फुलाए,लुलाएं
fulay,फुलाए,लुलाय
furti,फूर्ति,रूरती
phurti,फूर्ति,फुर्ती
fus,फूस,सूस
phoos,फूस,सूस
phus,फूस,सूस
feka,फेका,फेका
fefada,फेफड़ा,फेफड़ा
fefda,फेफड़ा,फेफड़ा
facial,फेशियल,फैसियल
fact,फैक्ट,कैक्टत
federal,फैडरल,फेडरल
failkar,फैलकर,फैलकर
failaaiye,फैलाइए,फैलाइये
failaea,फैलाइए,फैलाई
failaiya,फैलाइए,फैलाइया
failaiye,फैलाइए,फैलाइये
failegi,फैलेगी,फैलेगी
font,फॉन्ट,ंटोंट
fogat,फोगाट,फोगत
phogat,फोगाट,पोगत
fod,फोड़,दोड़ोद
phod,फोड़,दोड़ोद
foda,फोड़ा,दोड़ा
fodaa,फोड़ा,फोडा
phoda,फोड़ा,दोड़ा
fode,फोड़े,फोड़े
phode,फोड़े,पोड़े
fodo,फोड़ों,दोडोऑोडो
fodon,फोड़ों,फोडोन
phodo,फोड़ों,डोडोोोडो
fortis,फोर्टिस,फोर्टिस
fusion,फ्यूजन,फुसनियों
fuji,फ्यूजी,उुजी
fyuji,फ्यूजी,युजी
francisca,फ्रांसिस्का,फ्रैंसिस्कास
franciska,फ्रांसिस्का,फ्रांसीसका
fransiska,फ्रांसिस्का,फ्रांसीसका
francisco,फ्रांसिस्को,फ्रैंसिस्कों
francisko,फ्रांसिस्को,फ्रैंसिस्कों
fransisko,फ्रांसिस्को,फ्रांसीसकों
fringe,फ्रिंज,फ्रिंज
friendship,फ्रेंडशिप,फ्रेंदशिप
frost,फ्रॉस्ट,फ्रॉस्ट
flin,फ्लिन,लीनिन
flynn,फ्लिन,फिन्न
flesh,फ्लेश,शीशेश
bang,बंग,गंगंगंग
bung,बंग,गुंग
bangbandhu,बंगबंधु,बंगबंधु
bangbhang,बंगभंग,गंगभंगंग
bangash,बंगश,गंगाश
bangsh,बंगश,ंगशंश
bantane,बंटने,बंटनेने
bantne,बंटने,बंटनेने
bandhati,बंधती,बंधती
bandhti,बंधती,दंधती
bandhan,बंधान,दंधनन
bandhuon,बंधुओं,बंधुओं
bamba,बंबा,बांबाबा
mumba,बंबा,मुंबा
bakaayon,बकायों,बकायों
bakayon,बकायों,बकायों
bakaul,बकौल,काउलकुल
bakoul,बकौल,कोलुलुल
baksa,बक्सा,सक्सा
baksi,बक्सी,कासीसी
bakse,बक्से,सकसे
bakhshane,बख्शने,बख्शने
bakhshne,बख्शने,बख्शने
bagad,बगड़,गाड़गड़
bagd,बगड़,गाड़गड़
bageechi,बगीची,बागीची
bagichi,बगीची,बागीची
bachat,बचत,चाटत
bachati,बचती,बचाती
bachti,बचती,बच्ती
bajana,बजना,बाजना
bajrangi,बजरंगी,बजरंगी
bajaj,बजाज,बजाजाज
batalvi,बटालवी,बटलवी
badhachadhakar,बढ़ाचढ़ाकर,बधाचाधकार
badata,बढ़ाता,बदताता
badhaataa,बढ़ाता,बधाता
badhata,बढ़ाता,बधाता
badhaati,बढ़ाती,बधाती
badhati,बढ़ाती,बधाती
badhayi,बढ़ायी,बधायी
badhav,बढ़ाव,दाधवाव
badhotari,बढ़ोतरी,बाधोतारी
badhotri,बढ़ोतरी,बाधोत्री
batlaae,बतलाए,बतलाई
batlaaye,बतलाए,बतलाएं
batlae,बतलाए,बतलाई
batlaye,बतलाए,बतलाएं
batlaakar,बतलाकर,बटलाकर
batlakar,बतलाकर,बटलकर
badlapur,बदलापुर,बदलापुरुर
badali,बदली,बड़ली
badli,बदली,बड़ीली
badam,बदाम,दामाबाम
banva,बनवा,वनवा
banvaa,बनवा,बनवा
banaam,बनाम,बनामाबाम
banam,बनाम,नामबम
bnaam,बनाम,बनामाबाम
baniya,बनिया,बनिया
banu,बनू,अनुअुनुुणु
barpaayaa,बरपाया,बर्पाया
barpaya,बरपाया,बर्पया
barsa,बरसा,सरसा
barsaata,बरसाता,बरसाता
barsaataa,बरसाता,बरसाता
barsata,बरसाता,बरसता
barhad,बरहद,राधड़
baraat,बरात,रातातात
barat,बरात,तारत
braat,बरात,र्बातत
baraamad,बरामद,बारामद
baramad,बरामद,बारामद
bramad,बरामद,म्रमद
baramade,बरामदे,बारामदे
baramde,बरामदे,बारंडे
bare,बरे,ेयरे
birth,बर्थ,रिथ्थ
baljeet,बलजीत,बलजीतित
baljit,बलजीत,बलजीतित
ballabh,बल्लभ,लालभभाभ
balla,बल्ला,बल्ला
balli,बल्ली,लालिली
basava,बसावा,बसवा
bastiyon,बस्तियों,बस्तियों
bahroopiya,बहरूपिया,बहरूपिया
bahrupiya,बहरूपिया,बहरूपिया
bahamaas,बहामास,बहमास
bahamas,बहामास,बहमास
bahaav,बहाव,बहावाव
bahav,बहाव,वाहवा
bhav,बहाव,वाव
bahavalpur,बहावलपुर,बहावलपुरु
bahawalpur,बहावलपुर,बहावलपुरु
bahuchara,बहुचरा,बहुचारा
banthia,बांठिया,बंठीया
banthiya,बांठिया,बंठिया
bandhate,बांधते,बंधते
bandhte,बांधते,बंधते
banbi,बांबी,बनबी
bombi,बांबी,बॉमिबी
bounceron,बाउंसरों,उनसमरों
bowling,बाउलिंग,बोलिंग
baku,बाकू,कुआऊुकु
bakuu,बाकू,कुआऊऊ
baag,बाग,गागागाग
bag,बाग,गागबग
bagh,बाग,घागघाघ
bagabani,बागबानी,बागबनी
bagbani,बागबानी,बागबनी
bagali,बागली,बागली
bagli,बागली,बगली
baagiyon,बागियों,बागियों
bagiyon,बागियों,बागियों
baago,बागो,गांगोगो
bago,बागो,गागोगो
baji,बाज़ी,जीजी
bazi,बाज़ी,जीजी
bajaru,बाजारू,राजारूरू
bazaru,बाजारू,बजारूरू
bajuon,बाजुओं,बाजुओं
badh,बाध,धाधध
badha,बाधा,धाधा
baadhaaon,बाधाओं,बाधाओं
baadhaon,बाधाओं,बाधाओं
badhaaon,बाधाओं,बधाओं
badhaon,बाधाओं,बधाओं
baadhit,बाधित,बाधित
badhit,बाधित,दाधिततित
baani,बानी,बानी
bani,बानी,बानी
baapa,बापा,बापा
baapaa,बापा,बापा
bapa,बापा,पापा
bapaa,बापा,पापा
baabat,बाबत,बाटट
babat,बाबत,बाटट
babt,बाबत,तब्तत्त
bayern,बायर्न,बेयरन
byrun,बायर्न,यूरुण्यून
barah,बारह,राराहा
baarahamaasee,बारहमासी,बारहमासे
barahamasi,बारहमासी,बारहमासी
barahmasi,बारहमासी,बारह्मासी
barahsinga,बारहसिंगा,बराशसिंग
barasingha,बारहसिंगा,बरसिंह
bala,बाला,लाबाला
baalti,बाल्टी,बालती
balti,बाल्टी,बलती
balty,बाल्टी,बलत्य
baldvin,बाल्डविन,बालद्वीनी
baldwin,बाल्डविन,बालद्वीनी
bavaji,बावजी,बावजी
bavji,बावजी,बावजी
baawaraa,बावरा,बावरा
bavra,बावरा,बावरावा
bawara,बावरा,बवारा
baahulya,बाहुल्य,बाहुल्या
bahuly,बाहुल्य,बहुल्य
bahulya,बाहुल्य,बहुल्या
box,बाॅक्स,सॉक्सॉक्स
bikherati,बिखेरती,बिखेरती
bikherti,बिखेरती,बिखेरती
biggest,बिगेस्ट,बिग्जेस्ट
bichhua,बिछुआ,बिछुआ
bichhuaa,बिछुआ,बिछुआ
biji,बिजी,जिजी
busy,बिजी,सुस्यस्य
buzy,बिजी,ज्यज्य
bipin,बिपिन,पिपिनीनी
bilae,बिलाई,बिलाई
bilai,बिलाई,लियाई
billa,बिल्ला,बिल्ला
billaa,बिल्ला,बिल्ला
bilhaur,बिल्हौर,बिल्हौर
bisva,बिस्वा,बिस्वावा
biswa,बिस्वा,बिस्वावा
bag,बीएजी,गागबग
bikaner,बीकानेर,बिकनेर
bikaneri,बीकानेरी,बिकनेरी
bk,बीके,कबक
beejak,बीजक,बीजक
bijak,बीजक,इजाकाक
beef,बीफ,ईफिफफ
beem,बीम,ईंबम
bim,बीम,मिंबम
beemon,बीमों,बीमोनों
bimon,बीमों,बिमोनों
beerganj,बीरगंज,बीरगंज
birganj,बीरगंज,बरगंज
beesavaan,बीसवां,बीसवां
bisavan,बीसवां,बीसवान
bisawan,बीसवां,बीसवान
beast,बीस्ट,बिस्टत्स
budvig,बुडविग,बुद्विगी
budwig,बुडविग,बुडविग
bull,बुल,लुल्ल्ल
bulaao,बुलाओ,लुलाओं
bulao,बुलाओ,लुलाओं
bule,बुले,बुले
bulletin,बुलेटिन,बुलेटिनिन
brijesh,बृजेश,जीजेशेष
benvar,बेंवर,बेंवर
benwar,बेंवर,वेंवर
beaulad,बेऔलाद,उयूलाद
bekaaboo,बेकाबू,बेकाबू
bekabu,बेकाबू,बेकबूबु
bechakar,बेचकर,बेचकाकार
bechkar,बेचकर,बेचकार
bechate,बेचते,बेचतेते
bechte,बेचते,बेचते
bediyan,बेड़ियां,बेडियां
bethanal,बेथनल,बेथनलाल
bethnal,बेथनल,बेथनलाल
benis,बेनिस,नेनिसिस
belacha,बेलचा,बेलचा
belcha,बेलचा,बेलचा
belinda,बेलिंडा,बेलिंडा
bevkufana,बेवकूफाना,बेवकुफना
bewakoofaanaa,बेवकूफाना,बेवकूफाना
bewkufana,बेवकूफाना,बेवकुफना
besahaaraa,बेसहारा,बेसहारा
besahara,बेसहारा,बेसहारा
basin,बेसिन,सासिनिन
besin,बेसिन,बेसिनिन
basil,बेसिल,बसीलिस
besil,बेसिल,बेसिलि
bandage,बैंडेज,बंदगे
bandej,बैंडेज,दंदेज
baithantey,बैठते,बैठनते
baithate,बैठते,बैठटेटे
baitool,बैतूल,टैटूलूल
baitul,बैतूल,तैतुल्लुल
betul,बैतूल,टेतुलुल
baini,बैनी,ईनी
beni,बैनी,इनी
bairakpur,बैरकपुर,बैरापकुर
barrackpore,बैरकपुर,बर्केपकोर
baila,बैला,लैला
bella,बैला,बेलाला
ballistic,बैलिस्टिक,बालिस्टिक
bells,बैल्स,लेल्स
bostan,बॉस्टन,बोस्टन
bosten,बॉस्टन,बॉस्टनें
boston,बॉस्टन,बॉस्टनों
bokaro,बोकारो,बोकरों
bodara,बोदरा,बोदराड़ा
bodra,बोदरा,बोद्रा
bodraa,बोदरा,बोद्रा
bona,बोना,नोना
borkar,बोरकर,बोरकर
borivali,बोरीवली,बोरिवली
boriwali,बोरीवली,बोरिवाली
born,बोर्न,रॉनर्न
bolane,बोलने,बोलने
boliae,बोलिए,बोलिए
boliy,बोलिए,बोलियाई
boliye,बोलिए,बोलिए
bosaan,बोसान,बोसन
bosan,बोसान,बोसन
bauni,बौनी,उौनी
bouni,बौनी,उनी
byaawa,ब्यावर,ब्यावावा
byavar,ब्यावर,ब्यवर
brajesh,ब्रजेश,र्जेशेष
brijesh,ब्रजेश,जीजेशेष
brahmalin,ब्रह्मलीन,ब्रह्मलिन
brahmleen,ब्रह्मलीन,ब्रह्मीलीन
brahmlin,ब्रह्मलीन,ब्रह्मलिन
bravo,ब्रावो,ब्रवोवो
brigatn,ब्रिगटन,ब्रिगत्न
brighton,ब्रिगटन,ब्रिघटों
brigton,ब्रिगटन,ब्रिग्टन
brigadier,ब्रिगेडियर,ब्रिगदियर
britain,ब्रिटेन,ब्रिटेन
breed,ब्रीद,ईडीड
brock,ब्रोक,ब्रॉकिक
brok,ब्रोक,र्कोकोक
broke,ब्रोक,ब्रोके
brocken,ब्रोकन,ब्रॉकनें
broken,ब्रोकन,ब्रोकें
blosam,ब्लॉसम,ब्लोसम
blossom,ब्लॉसम,ब्लॉसोमोंस
bhagaane,भगाने,बगाने
bhagane,भगाने,बागने
bhadakaaya,भड़काया,भड़काया
bhadakaya,भड़काया,भड़काया
bhadkaayaa,भड़काया,भड़काया
bhadkaya,भड़काया,भड़काया
bharakaaya,भड़काया,भड़काया
bharakaya,भड़काया,भारकाया
bhabhoot,भभूत,भाभूतत
bhabhut,भभूत,भाभूतत
bhay,भय,याय
bhaya,भय,यायाया
bhayo,भयो,यायों
bharatanatyam,भरतनाट्यम्,भारतनात्याम
bharatnatyam,भरतनाट्यम्,भारतनाट्यम
bhartnatyam,भरतनाट्यम्,भारतनाट्यम
bharate,भरते,रातेते
bharte,भरते,र्तेते
bharani,भरनी,भारणी
bharni,भरनी,भारणी
bharane,भरने,रानने
bharne,भरने,रान्ने
bhara,भरा,रारा
bhavishya,भविष्य,भाविष्य
bhaate,भाते,ताते
bhate,भाते,तते
bhanu,भानू,नुनु
bhabar,भाबर,बाबर
bhareeye,भारीय,भारीय
bhariy,भारीय,रियाई
bhavanaon,भावनाओं,भावनाओं
bhavnaon,भावनाओं,भावनाओं
bhaskar,भास्कर,भास्कर
bheed,भीड़,ईदिद
bheera,भीरा,भीरा
bhira,भीरा,रिरा
bheesham,भीष्म,भीषम
bhisham,भीष्म,भिष्म
bhishm,भीष्म,भिष्म
bhugat,भुगत,गुगतात
bhugata,भुगता,भुगता
bhugta,भुगता,भूगता
bhutto,भुट्टो,ट्टूटों
bhumi,भुमि,मुमी
bhurbhura,भुरभुरा,भूरभुरा
bhookh,भूख,कूखोख
bhukh,भूख,खुखख
bhookhi,भूखी,खूखी
bhukhi,भूखी,खुखी
bhoogol,भूगोल,वुगोल्लोल
bhugol,भूगोल,गुगोल
bhootal,भूतल,ूूटलाल
bhutal,भूतल,तुतलाल
bhoopsingh,भूपसिंह,भूपसिंह
bhupsingh,भूपसिंह,भूपसिंह
bhumi,भूमी,मुमी
bhumika,भूमी,भूमिका
bhulata,भूलता,भुलता
bhulataa,भूलता,भुलता
bhulta,भूलता,भुलता
bhula,भूला,लुला
bhulaa,भूला,भुला
bhooli,भूली,वुली
bhuli,भूली,लुली
bhulo,भूलो,लुलों
bhulon,भूलों,लुलों
bhusi,भूसी,शुसी
bhooswaami,भूस्वामी,भूस्वामी
bhusvami,भूस्वामी,भूस्वामी
bhuswami,भूस्वामी,भूस्वामी
bhengapan,भेंगापन,भेंगपन
bhairavnath,भैरवनाथ,भैरावनाथ
bhairo,भैरो,बैरोऑ
bhogatey,भोगते,भोगते
bhogte,भोगते,भोगते
bhola,भोला,लोला
bholi,भोली,लोली
bholu,भोलू,लोलुबुलु
bhaunho,भौंहों,भौनहों
bhaunhon,भौंहों,औौनहों
bhoonhon,भौंहों,ऊूंहों
bhraant,भ्रांत,र्रांतत
bhrant,भ्रांत,र्णतंत
brant,भ्रांत,र्णतंतत
bhraanti,भ्रांति,भ्रांती
bhranti,भ्रांति,भ्रांति
branti,भ्रांति,र्तंती
bhraantiyan,भ्रांतियां,भ्रांतियां
bhrantiyan,भ्रांतियां,भ्रांतियां
bhraantiyon,भ्रांतियों,भ्रांतियों
bhrantiyon,भ्रांतियों,भ्रांतियों
mangesh,मंगेश,मेंजेशेश
manch,मंच,चांचछ
manchit,मंचित,मांचीततित
mancheeye,मंचीय,मानचीय
manchiy,मंचीय,मांचीय
manchiya,मंचीय,मंचिया
manchon,मंचों,मांचों
manjil,मंजिल,मंजीलिल
manzil,मंजिल,मंजीलियल
manjila,मंजिला,मंजीला
manzila,मंजिला,मंजीला
manjilein,मंजिलें,मंजीलें
manjilen,मंजिलें,मंजीलें
manzilein,मंजिलें,मंजीलें
manto,मंटो,टंटों
mantriyon,मंत्रियों,मंत्रियों
makrani,मकरानी,मकरणी
maksad,मक्सद,मकसदाद
makhdumpur,मखदुमपुर,मकद्मुपुरु
machaaye,मचाए,चामाए
machae,मचाए,चामाएं
machaye,मचाए,चायाए
machaanon,मचानों,मचानों
machanno,मचानों,मचाननों
machano,मचानों,चामनों
machanon,मचानों,मचानों
madaura,मढ़ौरा,मदौरा
madhuara,मढ़ौरा,मधुरा
madhura,मढ़ौरा,मधुरा
manipal,मणिपाल,मनीपाला
matpatron,मतपत्रों,मतपत्रों
matthe,मत्थे,तत्थेथी
matsyavatar,मत्स्यावतार,मत्स्यावतार
matsyavtar,मत्स्यावतार,मत्स्यावतार
masyendranath,मत्स्येंद्रनाथ,मास्येद्रनाथ
matsyendranath,मत्स्येंद्रनाथ,मत्सींद्रेथन
madhupur,मधुपुर,मधुपुरुपुर
manmarji,मनमर्जी,मानमार्जी
manae,मनाए,माने
manaye,मनाए,मानेय
mnaey,मनाए,मैनेये
mam,मम,मामम
mum,मम,मुम्म
maryokar,मयोर्का,मार्योकार
mayorka,मयोर्का,मायोरका
mayorkaa,मयोर्का,मायोरका
mardaani,मरदानी,मर्दानी
mardani,मरदानी,मर्दनी
marmar,मरमर,मर्मर
murmur,मरमर,मुरमुरुर
maratha,मराठा,मरतथा
marathi,मराठी,मारथी
marji,मर्जी,मार्जी
mardanagi,मर्दानगी,मर्दनगी
mardangi,मर्दानगी,मर्दंगी
mardo,मर्दों,राड़ोोोडो
mardon,मर्दों,मर्दों
maryaadaa,मर्यादा,मार्याड़ा
maryada,मर्यादा,मर्याड़ा
maryaadaaon,मर्यादाओं,मर्यादाओं
maryadaon,मर्यादाओं,मर्यदाओं
malaga,मलागा,मलगागा
malaar,मलार,मलारा
malar,मलार,मालर
mashrak,मशरक,मश्रक
masaaledaar,मसालेदार,मसालेदार
masaledaar,मसालेदार,मसलेदार
masaledar,मसालेदार,मसलेदार
masoor,मसूर,मसूरूर
masur,मसूर,मसूरूर
masse,मस्से,सेसेसे
mahakane,महकने,महाकाने
mahakne,महकने,महाकने
mahkane,महकने,महकाने
mehkane,महकने,मेकहेने
mahalon,महलों,महालों
mahlon,महलों,महलों
mahagranth,महाग्रंथ,महाग्रांत
mhagranth,महाग्रंथ,महाग्रांठ
mahajan,महाजन,महाजन
mhajan,महाजन,महाजन
mahathir,महाथिर,महाथिरी
mhathir,महाथिर,महाथिरी
mahanatam,महानतम,महानतमातम
mahantam,महानतम,महंतमतम
mhantam,महानतम,महांतमतम
mahanideshak,महानिदेशक,महानिदेशक
mahanirdeshak,महानिदेशक,महानिर्देशक
mhanideshak,महानिदेशक,महानिदेशक
mahapauron,महापौरों,महापुरों
mhapauron,महापौरों,महापुरों
mahapran,महाप्राण,महाप्रण
mhapran,महाप्राण,महाप्रण
mahamantr,महामंत्र,महामंत्र
mahamantra,महामंत्र,महामंत्र
mhamantra,महामंत्र,महामंत्र
maharaja,महाराजा,महाराजा
mahavigyan,महाविज्ञान,महाविज्ञान
mhavidyan,महाविज्ञान,महाविद्यन
mahavidya,महाविद्या,महाविद्या
mhavidya,महाविद्या,महाविद्या
mahavishnu,महाविष्णु,महाविष्णुनु
mahasingh,महासिंह,महासिंह
mahasinh,महासिंह,महासिंह
mahipal,महिपाल,महिपाला
mahin,महीन,हामिन
mahinon,महीनों,महीनोनों
maang,मांग,गांगंग
mang,मांग,गंगंग
mangani,मांगनी,मंगनी
mangni,मांगनी,मंगनी
maanga,मांगा,मांगा
manga,मांगा,गंगा
maangi,मांगी,मांगी
mangi,मांगी,मंगी
maange,मांगे,गांगेजे
mange,मांगे,गंजे
mango,मांगो,गंगों
maori,माओरी,मारी
maajin,माजिन,माजिनी
majin,माजिन,जाइनिन
mathe,माथे,ैथेथी
mathey,माथे,दैथेय
maap,माप,पांपाप
map,माप,पांपाप
mop,माप,पॉप
mamooli,मामूली,मामूलि
mamuli,मामूली,मामुलि
mame,मामे,मैमे
maarvaad,मारवाड़,वारवाद
marvad,मारवाड़,वर्वाद
marwar,मारवाड़,मारवार
maariya,मारिया,मारिया
mariya,मारिया,मारिया
maariyo,मारियो,मारियों
mario,मारियो,आरियोऑऑऑऑयोऑऑयोऑऑयोऑऑयोऑऑयोऑऑयोऑऑयोऑऑयोऑऑयोऑऑयोऑऑय
mariyo,मारियो,माइरियों
martha,मार्था,मार्थ
maalish,मालिश,मालिशिश
malish,मालिश,लीशिश
mave,मावे,वेवे
mavey,मावे,वाएवेय
maas,मास,सामस
mas,मास,सांस
mass,मास,सासस
maason,मासों,मासों
mason,मासों,सांसन
mitaao,मिटाओ,मिताओं
mitao,मिटाओ,मीताओं
mithaai,मिठाई,मिठाई
mithai,मिठाई,मिठाई
media,मिडिया,मेडिया
mithila,मिथिला,मिथिला
mithilanchal,मिथिलांचल,मिथिलंचल
mithya,मिथ्या,यिथ्याया
mimicry,मिमिक्री,मिमिक्रीय
milkiyat,मिल्कियत,मिलकियत
misha,मिशा,शिषा
mungeri,मुंगेरी,मुंगरी
mundva,मुंडवा,मुंडवा
mundwa,मुंडवा,मुंडवा
munshiganj,मुंशीगंज,मुंशिगण
mukarte,मुकरते,मुकारते
mukartey,मुकरते,मुकर्ते
mukhopadhyaya,मुखोपाध्याय,मुखोधाध्याय
mukhyopadhyaay,मुखोपाध्याय,मुख्योधापयों
mukhyamantri,मुख्यमंत्री,मुख्यांत्री
munaf,मुनाफ,मुनफफ
munafa,मुनाफा,मुनफा
munnu,मुन्नू,मुन्नुनु
mufalisi,मुफलिसी,मुफलीसी
muflisi,मुफलिसी,मुफलिसी
mubarakpur,मुबारकपुर,मुबारकुपुर
mubarkpur,मुबारकपुर,मुबारकूपुर
murjha,मुर्झा,रूझाझा
multae,मुल्ताई,मुल्ताएं
multai,मुल्ताई,मुल्तैई
mushahid,मुशाहिद,मुशह्दिद
muhavare,मुहावरे,मुहावरे
muhavre,मुहावरे,मुहावरे
mooth,मूठ,ठूठठ
muth,मूठ,ठूठठ
mood,मूड,दूदूद
mud,मूड,दुड़
moodi,मूडी,दूदी
moody,मूडी,यूड्यड़य
mool,मूल,लूल्लूल
mul,मूल,लुल
moolchand,मूलचंद,मूलचंद
mulchand,मूलचंद,उल्चंद
moolar,मूलर,मूलार
mular,मूलर,मुलार
muller,मूलर,मल्लर
moolon,मूलों,मूलों
mulon,मूलों,लूलों
maxico,मेक्सिको,मैक्सिकों
mexico,मेक्सिको,मैक्सिकों
mega,मेगा,गीगमागा
megapixal,मेगापिक्सल,मेगापिक्सल
megapixel,मेगापिक्सल,मेगापिक्स
mejbaan,मेजबान,मेजबान
mejban,मेजबान,मेजबन
mezbaan,मेजबान,मजबान
mejabani,मेजबानी,मेजाबानी
mejbaani,मेजबानी,मेजबानी
mejbani,मेजबानी,मेजबनी
mezabani,मेजबानी,मेजाबनी
mejbaan,मेज़बान,मेजबान
mejban,मेज़बान,मेजबन
mezbaan,मेज़बान,मजबान
mejbaani,मेज़बानी,मेजबानी
mejbani,मेज़बानी,मेजबनी
mezbaani,मेज़बानी,मेजबानी
mate,मेट,टेमेटे
met,मेट,तीतेत
mates,मेट्स,टेंसेस
medical,मेडीकल,मेडिकल
methanol,मेथेनॉल,मेथनोलोल
menu,मेनू,मेनुअूनु
mem,मेम,मेमेमेम
melaghaat,मेलघाट,मेलघाटा
melghat,मेलघाट,मेलघाट
melaanin,मेलानिन,मेलानिनी
melanin,मेलानिन,मेलनीन
melaani,मेलानी,मेलानी
melani,मेलानी,मेलनी
maheman,मेहमान,महेमान
mehamaan,मेहमान,मेहमान
mehaman,मेहमान,मेहमान
mehmaan,मेहमान,मेहमान
mehman,मेहमान,मेहमानन
meharaam,मेहराम,मेहरमाम
mehram,मेहराम,मेहरम
macbook,मैकबुक,मैकबूक
matix,मैट्रिक्स,टैक्सिक्सिक्स
matrix,मैट्रिक्स,मात्रिक्षिक्स
mad,मैड,दाद
made,मैड,देदे
maid,मैड,दैद
maddy,मैडी,दाद्य
maidi,मैडी,दैदी
main,मैन,एमेन
man,मैन,नैन
men,मैन,नें
mainan,मैनन,मैनन
menon,मैनन,मैनोन
manner,मैनर,मैनरेर
maina,मैना,एमाना
maine,मैने,मैने
marrej,मैरेज,रेरजेज
marriage,मैरेज,मैरिजेज
merraige,मैरेज,मरेजे
maisachusets,मैसाचुसेट्स,मैसचुसेत्स
massachusetts,मैसाचुसेट्स,मस्चुसेट्सट्स
maisor,मैसोर,मैसोर
maisore,मैसोर,मैसोरे
mysore,मैसोर,मैसूरे
mod,मॉड,डोड़ॉड
mode,मॉड,मोड़े
modern,मॉडर्न,मॉडरन
module,मॉड्यूल,मोडुले
modules,मॉड्यूल्स,मोडुलेस
modyuls,मॉड्यूल्स,मॉडयल्स
mauritious,मॉरिशस,मौरीशचस
mauritius,मॉरिशस,मॉरीशस
mogali,मोगली,मोगली
mowgli,मोगली,मवगली
motive,मोटिव,मोतीवे
mol,मोल,लॉल
mold,मोल्ड,लॉड्ड
moshe,मोशे,मोशे
mosad,मोसाद,मोसद
mohana,मोहाना,मोहनाना
mohani,मोहानी,मोहनी
mohini,मोहिनी,मोहिनी
mohim,मोहिम,मोहिमिम
maukon,मौकों,मौकों
mauma,मौमा,मौमा
maurya,मौर्या,मौर्याया
morya,मौर्या,मोर्या
maurya,मौर्यों,मौर्याया
mauryon,मौर्यों,मौर्योनों
moryon,मौर्यों,मोरियों
maulaviyon,मौलवियों,मौलवियों
maulvidon,मौलवियों,मौलविदों
maulviyon,मौलवियों,मौलवियों
maule,मौले,लौले
mauley,मौले,मौलेय
mausa,मौसा,उमसा
yatn,यत्न,न्यतन
yatna,यत्न,याटना
yada,यदा,दादा
yda,यदा,दिदा
yaduvansh,यदुवंश,यदुवंश
yaduwansh,यदुवंश,यदुवंश
jerusalem,यरूशलेम,जरूसलमैम
yarooshaleim,यरूशलेम,यारूशलेम
yarushalem,यरूशलेम,यारुशलम
yashpaal,यशपाल,यशपाला
yashpal,यशपाल,यष्पाला
yaatna,यातना,यान्ना
yatna,यातना,याटना
yaatanaon,यातनाओं,यानाओं
yatnaon,यातनाओं,यतनाओं
yarayan,यात्राएं,यारणयन
yatraein,यात्राएं,यात्रिएं
yatraen,यात्राएं,यात्राएं
yaariyan,यारियां,यारियां
yariyan,यारियां,यरियां
yaari,यारी,राई
yari,यारी,रियी
yugam,युग्म,युगामा
yugm,युग्म,युग्म
yuddhrat,युद्धरत,युद्धतात्तत
yudhrat,युद्धरत,युद्धतत्त
ukrainian,यूक्रेनियन,उक्रेनियन
ukranian,यूक्रेनियन,उक्रणीयन
jerusalem,येरुशलम,जरूसलमैम
yorker,यॉर्कर,योरकेर
yojanaein,योजनाएं,योजनाएं
yojanaen,योजनाएं,योजनाएं
yojanaye,योजनाएं,योजनाएं
rangate,रंगते,रंगते
rangte,रंगते,रंगते
rangkata,रंजकता,रंगकता
ranjkatha,रंजकता,रणजकथा
ranjkta,रंजकता,रांजकता
raees,रईस,ईएस
rais,रईस,सैसिस
raktaabh,रक्ताभ,रक्तभाभ
raktabh,रक्ताभ,रक्तभाभ
rakhna,रखना,रखना
raghupati,रघुपति,रघुपति
raghuram,रघुराम,रघुराम
registerd,रजिस्टर्ड,रेजिस्टर्ड
registered,रजिस्टर्ड,रेजिस्टेडर
ratanpur,रतनपुर,रतनपुर
runners,रनर्स,रनर्स
rayan,रयान,रायन
ryan,रयान,र्यान
ralhan,रल्हन,राल्हनन
ravish,रविश,वेशिषिष
ravael,रवैल,रावेले
ravel,रवैल,रेवल
rawail,रवैल,रावैलेल
rasad,रसद,दासद
rasaayanik,रसायनिक,रसायनिक
rasaayanika,रसायनिक,रसायनिका
rasayanika,रसायनिक,रसायनिका
rasyanik,रसायनिक,रस्यानिक
rasaayanon,रसायनों,रसायनों
rasayanon,रसायनों,रसायनों
rahamat,रहमत,रहमत्त
rahmat,रहमत,रहमतत
rhamat,रहमत,रहमतत
rahenge,रहेंगे,राहेंगे
rahegi,रहेगी,रहेगी
rounder,राउंडर,राउंडर
raak,राक,काक
rak,राक,कार्क
raakhe,राखे,खारेखे
rakhe,राखे,रखें
raagon,रागों,रागों
ragon,रागों,रगों
raghavan,राघवन,रघवान
raaj,राज,जारज
raj,राज,जाराज
rajkot,राजकोट,राजकोतोक
rajtantra,राजतंत्र,राजतंत्र
raajneetikaran,राजनीतीकरण,राजनीतिकारण
rajneetikaran,राजनीतीकरण,राजनीतिकारण
rajnitikaran,राजनीतीकरण,राजनीतिकारण
rajma,राजमां,राजमा
rajman,राजमां,राजमान
raajasva,राजस्व,राजसवा
rajasva,राजस्व,राजसवा
raaji,राजी,जारी
raji,राजी,जारी
rajinaama,राजीनामा,राजिनामा
rajinama,राजीनामा,राजिनमा
raajon,राजों,राजों
rajon,राजों,राजों
rana,राणा,नरणा
raatrichar,रात्रिचर,रात्रिचार
ratrichar,रात्रिचर,रत्रिचार
raadhe,राधे,धारेढ़े
radhe,राधे,धारेढ़े
ranapur,रानापुर,रणपुरुपुर
rabin,राबिन,राबिनी
robin,राबिन,रॉबिनी
rabha,राभा,भाराभा
ramkot,रामकोट,रामकोतोतोतों
ramkote,रामकोट,रामकोतेते
ramtek,रामटेक,रामतेक
rampur,रामपुर,रंपुरुर
rambharose,रामभरोसे,रामभारोसेसे
rambharosey,रामभरोसे,रामभारोसे
ramraj,रामराज,रमराजाज
raalod,रालोद,रालोद
ralaud,रालोद,लालौद
ralod,रालोद,लार्दोड़
ravaley,रावले,रवलेय
ravle,रावले,रावले
rasayanik,रासायनिक,रसायनिक
racreation,रिक्रिएशन,रैकियोशन
recreation,रिक्रिएशन,रिकरेशन
rig,रिग,रिगिज
riggs,रिग्स,रिगिस्ग्स
rigs,रिग्स,रिग्स
richual,रिचुअल,रिचुआल
ritual,रिचुअल,रितुला
reduction,रिडक्शन,रेडक्शन
ripan,रिपन,रिपना
ripon,रिपन,रिपों
ria,रिया,आरईआईआयराया
riya,रिया,यियारय
rishte,रिश्ते,रिश्तेते
rishtey,रिश्ते,रिश्तेय
risane,रिसने,रिसने
risaney,रिसने,रिसनेय
risne,रिसने,रिसने
rihana,रिहाना,रिहाना
rihanna,रिहाना,रिहन्न
regal,रीगल,रेगलाल
rigal,रीगल,रिगलाल
reasonal,रीजनल,रियोसॉनल
regional,रीजनल,रेजियनल
retreate,रीट्वीट,रेत्रिते
retweet,रीट्वीट,रेतवीत
reeta,रीता,रीता
rita,रीता,रिता
rukate,रुकते,रुकते
rukte,रुकते,रुकते
ruktey,रुकते,रुकते
rugan,रुग्ण,ऋगण
rugna,रुग्ण,रूग्णा
ruganta,रुग्णता,रुगंता
rugnata,रुग्णता,रुग्नता
rojvelt,रुजवेल्ट,रोजवेलत
roojwelt,रुजवेल्ट,रूजवेल्ट
roosevelt,रुजवेल्ट,रूसवेलत
rodolph,रुडोल्फ,रोदोल्फ
rudolf,रुडोल्फ,रूडोल्फ्फफ
rudolph,रुडोल्फ,रूदोल्फ
roopesh,रुपेश,पूपेश
rupesh,रुपेश,पूरेश
ruby,रुबी,यूबीय
roomani,रुमानी,रूमनी
rumani,रुमानी,रूमनी
rukavaton,रूकावटों,रुकावटों
root,रूट,तुत्त
route,रूट,उत्ते
rooting,रूटिंग,ट्रूटिंग
routine,रूटिंग,राउतीने
routing,रूटिंग,ट्यूटिंगिंग
roots,रूट्स,तूत्स्स
routes,रूट्स,आउटेसेस
roopak,रूपक,रुपक
rupak,रूपक,पुरक
roopi,रूपी,रूपी
rupi,रूपी,रूपी
rantle,रेंटल,रंतले
rental,रेंटल,रेंतालाल
registan,रेगिस्तान,रेजिस्टन
registani,रेगिस्तानी,रेजिस्तानी
reja,रेजा,रेजा
reza,रेजा,रेजा
rate,रेट,ताते
rate,रेत,ताते
ret,रेत,तेत्तित
refaeli,रेफेली,रिफाएली
refeli,रेफेली,रेफली
reshe,रेशे,रेशे
reshey,रेशे,रेशेय
race,रेस,सिसे
rese,रेस,रेसी
racer,रेसर,सिरेर
recer,रेसर,रिसर
racing,रेसिंग,साइंगिंग
reson,रेसों,रेसन
rehaana,रेहाना,रेहाना
rehana,रेहाना,रेहाना
racketeer,रैकेटियर,रैकेटीरी
racketier,रैकेटियर,रैकेटियर
rectare,रैकेटियर,रिक्ट्रेयर
radical,रैडिकल,रेडिकल
raidical,रैडिकल,राइडिकल
raith,रैथ,तैथ्थठ
rapping,रैपिंग,रापिंगिंग
wrapping,रैपिंग,वरपिंग
robertsan,रॉबर्टसन,रोबर्टन
robertson,रॉबर्टसन,रॉबर्टन
robinson,रॉबिंसन,रॉबिनसों
royals,रॉयल्स,रोयलस
rojlin,रोजलिन,रोजलिनी
rozlyn,रोजलिन,रोज़्लिन
rotation,रोटेशन,रोतेशन
rodrigo,रोड्रिगो,रोड्रोगोगो
ronaldo,रोनाल्डो,रोनलॉडोलों
ronit,रोनित,रोनित
roni,रोनी,रोनी
ropane,रोपने,रोपने
ropaney,रोपने,रोपनेय
ropne,रोपने,रोपने
robin,रोबिन,रॉबिनी
roya,रोया,रोयाया
rollers,रोलर्स,रोलर्स
rovan,रोवन,रोवन
rowan,रोवन,रावन
rosario,रोसारियो,रोसरियोरियो
rosariyo,रोसारियो,रोसारियों
raubadaar,रौबदार,रौबड़ार
raubadar,रौबदार,रौबदर
raubdar,रौबदार,रौबदार
landara,लंगड़ा,लंदरा
langada,लंगड़ा,लंगड़ा
langda,लंगड़ा,लंगड़ा
langar,लंगर,लंगर
langaron,लंगरों,लंगारों
langron,लंगरों,लंग्रों
lambi,लंबी,लंबिबी
lakeer,लकीर,लाकीर
lakir,लकीर,कालिर
lakiron,लकीरों,लाकिरों
lakme,लक्मे,लकमेे
lakshmidhar,लक्ष्मीधर,लक्ष्मीधार
lakshmighar,लक्ष्मीधर,लक्ष्मीघर
lakshy,लक्ष्य,क्ष्याय्य
lakshya,लक्ष्य,लक्ष्या
lakshyon,लक्ष्यों,लक्ष्यों
lux,लक्स,क्ष्कूज
laksar,लक्सर,लक्सर
luxor,लक्सर,लक्जर
lakhkhi,लख्खी,खाख्खी
lagna,लगना,लगना
laganewale,लगनेवाले,लगनेवाले
lagnevaaley,लगनेवाले,लगनेवाले
lagnewale,लगनेवाले,लगनेवाले
lagega,लगेगा,लगेगा
lajjalu,लज्जालु,लज्लाजुलू
latkate,लटकाते,लटकते
ladki,लड़की,लड़की
ladate,लड़ते,लड़ते
ladte,लड़ते,लड़तेते
ladaai,लड़ाई,लड़ाई
ladai,लड़ाई,लड़ाई
ladaaiyon,लड़ाईयों,लड़ियों
ladaeyon,लड़ाईयों,लड़ायों
ladaiyon,लड़ाईयों,लड़ियों
lapetane,लपेटने,लपेटने
lapetne,लपेटने,लेपनेनी
labada,लबादा,लबड़ा
lbada,लबादा,द्बदा
labdh,लब्ध,द्धाब्ध
lbdh,लब्ध,द्धाब्द
lalak,ललक,लालक
lalkarata,ललकारता,लालकराता
lalkarta,ललकारता,लालकर्ता
lalla,लल्ला,ललला
lavasa,लवासा,वालासा
lovasa,लवासा,वोवासा
lassi,लस्सी,सासीसी
lahanaa,लहना,लहना
lahna,लहना,लहना
lehna,लहना,हेनहाना
lahraee,लहराई,लहराई
lahrai,लहराई,लहराई
lehrayi,लहराई,लहरायी
lahalhati,लहलहाती,लहलाथी
lahlahaati,लहलहाती,लहलाहिती
lahlahati,लहलहाती,लहलाथी
lahsun,लहसुन,लहसून
lasoon,लहसुन,लसूनून
lanchar,लांचर,लंचार
launcher,लांचर,लौंचर
lycopene,लाइकोपिन,लाइसॉपेनीन
lime,लाइम,लीमे
lives,लाइव्स,विवेस्सेस
live,लाईव,विवेवे
laegi,लाएगी,लाएगी
lagataar,लागातार,लगतारार
lagatar,लागातार,लगातर
laata,लाता,टालता
lata,लाता,टलता
laati,लाती,लाति
lati,लाती,तलिती
layega,लायेगा,लाएगागा
lalpur,लालपुर,लालपुरुर
las,लास्ट,सालस
last,लास्ट,सात्सत्त
lindbhed,लिंगभेद,लिंदभेद
lingbhed,लिंगभेद,लिंगभेद
lindan,लिंडन,लिंडन
lindn,लिंडन,लिंडन
lindon,लिंडन,लिंडोन
likhakar,लिखकर,लिखकर
likhkar,लिखकर,लिखकर
ligar,लिगर,लिगर
liger,लिगर,लिगर
liberation,लिबरेशन,लाइबेरेशन
libration,लिबरेशन,लाइब्रेशन
liberation,लिब्रेशन,लाइबेरेशन
libration,लिब्रेशन,लाइब्रेशन
leaderon,लीडरों,लेडरों
leedaron,लीडरों,लीदारों
lidaron,लीडरों,लिदारों
liidaron,लीडरों,लीलारों
louis,लुईस,सुईसिस
luis,लुईस,सूसिस
ludhakate,लुढ़कते,लुधकते
ludhkate,लुढ़कते,लुधकते
lurhakate,लुढ़कते,लुढ़कते
lutf,लुत्फ,फूटफ्फ
lumding,लुमडिंग,लुंडिंग
lootmaar,लूटमार,लूटमार
lootmar,लूटमार,लूटमार
landal,लेंडल,लंडलाल
lendal,लेंडल,लेंडल
lega,लेगा,गिगा
legaa,लेगा,लेगा
letakar,लेटकर,लेताकार
letkar,लेटकर,लेटकार
lenevali,लेनेवाली,लेनेवाली
lenewali,लेनेवाली,लेनवाली
label,लेबल,लेबल
labeling,लेबलिंग,लेबिंगिंग
labelling,लेबलिंग,लेबलिंग
labelo,लेबलों,लेबलोलो
labelon,लेबलों,लेबलोन
lebalon,लेबलों,लेबलों
lemon,लेमन,लेमोन
laingadan,लैंगडन,लेंगड़न
langdon,लैंगडन,लंगड़ों
lengdan,लैंगडन,लेंगड़न
laigikata,लैंगिकता,लैजिकता
laingikta,लैंगिकता,लैंगिकता
lanset,लैंसेट,संसेतित
lenset,लैंसेट,सेंसेटिट
lairi,लैरी,लेयरी
lairy,लैरी,यर्यार्य
larry,लैरी,लार्यरी
lace,लैस,सेसिसे
less,लैस,सेस्स
locket,लॉकेट,लॉकेटेटेक
laundry,लॉन्ड्री,लौंद्रय
longewal,लोंगोवाल,लोंगेवालॉल
longewala,लोंगोवाल,लोंगेवाला
longoval,लोंगोवाल,लोंगोवाल
log,लोग,गॉग
loge,लोगे,लॉजे
lochdar,लोचदार,लोचड़ार
lodi,लोदी,डोडी
laurence,लौरेंस,लौरेंस
laurens,लौरेंस,लौरेंस
laurense,लौरेंस,लौरेंस
wonder,वंडर,ंडर
vansh,वंश,शंशश
vanshdhar,वंशधर,वंशधारा
vanshavad,वंशवाद,वंशवाद
vanshvaad,वंशवाद,वंश्वाद
vanshvad,वंशवाद,शन्वाद
wanshwad,वंशवाद,वांशवाद
vajood,वजूद,वजूदुद
vajud,वजूद,जावुद
wajood,वजूद,वजूदुद
vadali,वडाली,वादली
vadli,वडाली,वडली
wadali,वडाली,वडली
vanita,वनिता,वाणिता
vareinye,वरेण्य,वेयरेनीय
varenya,वरेण्य,वरेनया
varn,वर्ण,र्णन
varna,वर्ण,वर्णना
varnit,वर्णित,वारणीत
vartamaan,वर्तमान,वर्तमान
vartaman,वर्तमान,वर्तमण
vartmaan,वर्तमान,वर्तमान
vartman,वर्तमान,वर्तमान
varddhaman,वर्द्धमान,वर्धामन
vardhmaan,वर्द्धमान,वर्धमान
vardhman,वर्द्धमान,वर्धमान
verbal,वर्बल,वर्बल
varshan,वर्शन,वर्षण
vasharan,वर्शन,वाश्रण
vershan,वर्शन,वर्षण
version,वर्शन,वर्जियन
varsaache,वर्साचे,वासराचे
varsaryache,वर्साचे,वारसर्यचे
vasearche,वर्साचे,वसेचरे
valkan,वल्कन,वल्कन
valkkan,वल्कन,वलक्कन
velkan,वल्कन,वेलकनां
vash,वश,शाश
vashikaran,वशीकरण,वाष्पीकरण
vaangchuk,वांगचुक,वांगचुक
vangchuk,वांगचुक,वांगचुकु
wangchuk,वांगचुक,वांचुचुकु
want,वांट,टंटत
vije,वाइज,जीजे
vise,वाइज,सिएसे
wise,वाइज,सिसेज
vatar,वाटर,वतार
water,वाटर,वाटर
watson,वाटसन,वत्सों
wattson,वाटसन,वत्सोतों
vaan,वाण,नांवण
waan,वाण,वानन
vaanon,वाणों,वानों
vanon,वाणों,नोनों
wanon,वाणों,ननों
vatanukulan,वातानुकूलन,वतानुकूलन
watanukoollan,वातानुकूलन,वाटनुकूलन
vaadak,वादक,वाड़काक
vadak,वादक,कड़ाकाक
vaadiyon,वादियों,वादियों
vadiyon,वादियों,वादियों
wadiyon,वादियों,वादियों
vayana,वायना,वायना
vayna,वायना,यान्याना
wayna,वायना,वायना
wireless,वायरलेस,वायलेस्स
wirerless,वायरलेस,वायरलेस्स
warrior,वारियर्स,वारियर
warriors,वारियर्स,वारियर्स
valve,वाल्व,वलवेेवे
wolv,वाल्व,वलव
vastavik,वास्तविक,वास्तविक
vastvik,वास्तविक,वास्तविक
vaahikayen,वाहिकाएं,वाहिकाएं
vahikayen,वाहिकाएं,वाहिकाएं
wahikayan,वाहिकाएं,वाहिकायन
winter,विंटर,विंटर
vincent,विंसेंट,विंसेंटेंट
vikalpon,विकल्पों,विकालपों
wicket,विकेट,विकेटेटिक
vikramjeet,विक्रमजीत,विक्रमजीतित
vikramjit,विक्रमजीत,विक्रमजितित
vichaarakon,विचारकों,विचारकों
vicharakon,विचारकों,विचारकों
vigyan,विज्ञान,विज्ञान
vigyaani,विज्ञानी,विज्ञानी
vigyani,विज्ञानी,विज्ञानी
vigyaanon,विज्ञानों,विज्ञानों
vigyanon,विज्ञानों,विज्ञानों
vitthal,विट्ठल,वित्थल
viththal,विठ्ठल,विथतहलाल
vitthal,विठ्ठल,वित्थल
vitark,वितर्क,वितरक
vidhaaein,विद्याएं,विधाएं
vidyaayein,विद्याएं,विद्याएं
vidyaen,विद्याएं,विद्याएं
vidhaaon,विद्याओं,विधाओं
vidyaaon,विद्याओं,विद्याओं
vidyaon,विद्याओं,विद्याओं
vidhansabhaein,विधानसभाएं,विधानसभाईन
vidhansabhaen,विधानसभाएं,विधानसभाएं
vidhivat,विधिवत,विधिवत्वत
vidhut,विधुत,विधुत्त
vinasht,विनष्ट,विनाष्टत
vineet,विनीत,इनीतित
vinit,विनीत,विनित
vipreetataa,विपरीतता,विप्रीतता
vipritata,विपरीतता,विप्रितता
vipra,विप्रा,विपरा
vipro,विप्रो,विपरोरो
wipro,विप्रो,विप्रोपोरो
vibha,विभा,भिभाभा
vibhajak,विभाजक,विभाजक
vibhram,विभ्रम,विभ्रम
vibhrm,विभ्रम,विभ्रम
vibram,विभ्रम,विब्राम
vimarsh,विमर्श,विमार्श
vimarsho,विमर्शों,विमर्शों
vimarshon,विमर्शों,विमर्शों
virajati,विराजती,विराजतीती
virechan,विरेचन,वीरेचन
virodh,विरोध,वरोधोध
virodhabhasi,विरोधाभासी,विरोधाभसी
virodhabhason,विरोधाभासों,विरोधाभसों
vividh,विविध,विधिधिध
vivekahin,विवेकहीन,विवेकाहीन
vivekheen,विवेकहीन,विवेखीनें
visheshan,विशेषण,विशेषण
visheshanon,विशेषणों,विशेषणों
visheshaadhikaar,विशेषाधिकार,विशेषाधिकार
visheshadhikar,विशेषाधिकार,विशेषधिकार
vishwasaniy,विश्वसनीय,विश्वासनीय
vishwasniiya,विश्वसनीय,विश्वासनीय
vishwasaniyata,विश्वसनीयता,विश्वासनीयता
vishwasniiyataa,विश्वसनीयता,विश्वासनीयता
vishahin,विषहीन,विषाहिण
vishhin,विषहीन,शिष्णीन
vishanu,विष्णु,विषाणुतु
vishnu,विष्णु,विष्णुतानु
vlc,वीएलसी,क्लक्स
weeks,वीक्स,वीक्स
veerchand,वीरचंद,ीर्चंद
virchand,वीरचंद,वर्चंद
veeresh,वीरेश,ईवेशेषेश
viresh,वीरेश,रीशेश
vritton,वृत्तों,वृत्तों
vruton,वृत्तों,वृतों
vrutton,वृत्तों,वृत्तों
venkataraman,वेंकटरमन,वेंकटरमण
venkatraman,वेंकटरमन,वेंकटरमण
ved,वेड,देवेद
wade,वेड,दादे
wed,वेड,डेडेड
wedding,वेडिंग,वेडिंगिंग
vediyon,वेदियों,वेदियों
vedon,वेदों,वेदों
venezuela,वेनेजुएला,वेनेजूला
veronica,वेरोनिका,वरोनिका
veronika,वेरोनिका,वरोनिका
weronika,वेरोनिका,वेरोनिका
velvet,वेलवेट,वेलवेट
welwet,वेलवेट,वेलवेट
welder,वेल्डर,वेल्डर
weldor,वेल्डर,वेल्डोर
welding,वेल्डिंग,वेल्डिंग
wealth,वेल्थ,वेल्थथ
vellur,वेल्लूर,वेलूरूर
velur,वेल्लूर,वेलुरुर
vesh,वेश,शेषेष
wasting,वेस्टिंग,वास्टिंग
westing,वेस्टिंग,वेस्टिंग
wastinghouse,वेस्टिंगहाउस,वास्टिंघोज
westinghouse,वेस्टिंगहाउस,वेस्टिंघोस
vaisley,वेस्ले,वैसलेय
vesle,वेस्ले,वेशले
wesle,वेस्ले,वेसले
vaigyaanik,वैज्ञानिक,वैज्ञानिक
vaigyanik,वैज्ञानिक,वैज्ञानिक
vegyanik,वैज्ञानिक,वेज्ञानिक
vaigyaanikta,वैज्ञानिकता,वैज्ञानिकता
vaigyanikata,वैज्ञानिकता,वैज्ञानिकता
vaigyanikta,वैज्ञानिकता,वैज्ञानिकता
vaitravati,वैत्रवती,वैत्रवती
vaitrawati,वैत्रवती,वैत्रवती
vaimanasy,वैमनस्य,वैमनास्य
vaimanasya,वैमनस्य,वैमानस्याय
vaimanya,वैमनस्य,वैमन्य
very,वैरी,यरीय
vaisaakh,वैशाख,वैसाखाख
vaishakh,वैशाख,चैशक्ख
vaishaakhi,वैशाखी,वैशाखी
vaishakhi,वैशाखी,वैशाखी
vaishnodevi,वैष्णोदेवी,वैशनोदीवी
vyaktigat,व्यक्तिगत,व्यक्तिगत
vyagr,व्यग्र,व्याग्र
vyagra,व्यग्र,व्याग्रा
vyatit,व्यतीत,व्यतीतित
vytit,व्यतीत,व्यतितित
vyabhichar,व्यभिचार,व्याभिचार
vyabhichari,व्यभिचार,व्याभिचारी
vyavadhan,व्यवधान,व्यवधान
vyavdhan,व्यवधान,व्यवधान
vyavahargat,व्यवहारगत,व्यवहार्गत
vyvhargat,व्यवहारगत,व्यवहार्गत
vyaghat,व्याघात,व्याघट
vyapak,व्यापक,व्यापक
vlad,व्लाद,द्लाद
wlaad,व्लाद,लाड़
vladimir,व्लादिमीर,व्लैडिरी
shanghai,शंघाई,शंघाई
shatpath,शतपथ,शत्थाफथ
shanivar,शनिवार,शानिवार
shaniwar,शनिवार,शानिवार
shabana,शबाना,शबना
shbana,शबाना,शबना
shabdarth,शब्दार्थ,शब्दर्थ
shamadan,शमादान,शमदान
shmadan,शमादान,शमदान
shamitabh,शमिताभ,शमितभाभ
shamil,शमिल,शमीलिल
shmil,शमिल,शमीलिल
sharabon,शराबों,शरबों
shrabon,शराबों,र्रबों
shararat,शरारत,शरारता
shrart,शरारत,रारत्तर
sharmana,शर्माना,शर्मना
shaharwasiyon,शहरवासियों,शहरवासियों
shahrvasiyon,शहरवासियों,शहरवासियों
shervasiyon,शहरवासियों,शेरवासियों
shahdara,शहादरा,शाहदरा
shaantikaal,शांतिकाल,शांतिकाल
shantikal,शांतिकाल,शांतिकाल
shaao,शाओ,ओओओओं
shao,शाओ,ओओओओओओ
shaakir,शाकिर,शाकीर
shakir,शाकिर,शकीर
shaakhaaen,शाखाएं,शाखाएं
shakhayan,शाखाएं,शख्यान
shakhayen,शाखाएं,शाखाएं
shayak,शायक,शयका
shaavakon,शावकों,शावकों
shavakon,शावकों,शवकों
shavkon,शावकों,शवकों
shaasaka,शासक,शासका
shasak,शासक,शासका
sasakon,शासकों,ससकों
shaasakon,शासकों,शासकों
shasakon,शासकों,शासकों
shipra,शिप्रा,शिप्रा
shirke,शिर्के,शिरके
sheershakon,शीर्षकों,शीर्षकों
shirshakon,शीर्षकों,शिर्षकों
shirshkon,शीर्षकों,शिर्षकों
shujaat,शुजात,शुजाताता
shujat,शुजात,शुजत्तता
shooting,शुटिंग,शूटिंग
shutting,शुटिंग,क्षुटिंग
should,शुड,उल्डल्ड
shud,शुड,दुड़
shubhankar,शुभंकर,शुभंकर
shumaali,शुमाली,शुमाली
shumali,शुमाली,शुमली
shringaar,शृंगार,श्रृंगार
shringar,शृंगार,श्रृंगार
shrungar,शृंगार,श्रुंगर
sheling,शेलिंग,शेलिंग
shelling,शेलिंग,शेलिंग
shaili,शैली,शैली
shaly,शैली,यल्य
sheli,शैली,शेली
shaishav,शैशव,शैशाव
sean,शॉन,एसन
shaun,शॉन,नौन
shawn,शॉन,वान्वन
short,शोर्ट,रोत्त
sure,श्योर,यूरेयर
shrankhala,श्रंखला,श्रृंखला
shrankhalaa,श्रंखला,श्रृंखला
shrunkhla,श्रंखला,श्रृंखला
shrankhalaaon,श्रंखलाओं,श्रृंखलाओं
shrinkhalaon,श्रंखलाओं,श्रृंखलाओं
shrunkhlaon,श्रंखलाओं,श्रृंखलाओं
shravani,श्रावणी,श्रवनी
shrikar,श्रीकर,श्रीकर
shrikhand,श्रीखंड,ऋषिधांड
shrimati,श्रीमति,श्रीमतिती
shriram,श्रीराम,श्रीरम
sriram,श्रीराम,श्रीरम
shrotaon,श्रोताओं,श्रोताओं
shat,षट्,तष्टत
sankhyaein,संख्याएं,संख्याएं
sankhyaen,संख्याएं,संख्याएं
sankhyayen,संख्याएं,संख्याएं
sanghanit,संघनित,संघनीतित
sanghnit,संघनित,संघनीतीतित
sanchayan,संचयन,संचायन
sanchar,संचार,संचार
sanchaari,संचारी,संचारी
sanchari,संचारी,संचारी
sanchalanon,संचालनों,संचलनों
sanchalnon,संचालनों,संचलनों
sanjay,संजय,संजायाय
sanjeevan,संजीवन,संजीवन
sanjivan,संजीवन,संजीवन
santati,संतति,संततीती
sandarbh,संदर्भ,संदरबभ
sandarbha,संदर्भ,संदरबभ
sandrbh,संदर्भ,संद्रभभ
sandarbhon,संदर्भों,संदरबों
sandrbhon,संदर्भों,संद्रभों
sandali,संदली,संदली
sandli,संदली,संदली
sandhan,संधान,संधन
samprati,संप्रति,संप्रति
samprti,संप्रति,संप्रति
samprabhu,संप्रभु,संप्रभु
samprbhu,संप्रभु,संप्रभुभु
samprabhuta,संप्रभुता,संप्रभुता
samprbhuta,संप्रभुता,संप्रभुता
sambit,संबित,संबीतित
sambhalane,संभालने,संभालने
sambhalne,संभालने,संभालने
sambhrant,संभ्रांत,संभरणतंत
sanbharnt,संभ्रांत,संभरणतंत
sanyog,संयुक्त,संयोगोग
sanyukt,संयुक्त,संयुक्तिक्त
sanyukta,संयुक्त,संयुक्तता
sanyukta,संयुक्ता,संयुक्तता
sanyogvash,संयोगवश,संयोगवाश
sanyojan,संयोजन,संयोजनाएं
sanyojanon,संयोजनों,संयोजनों
sanyojnon,संयोजनों,संयोजनों
samvedikaran,संवेदीकरण,संवेदिकारण
sanvedikaran,संवेदीकरण,संवेदिकारण
samshayon,संशयों,समशायों
sanshayon,संशयों,संशायों
sanshyon,संशयों,शांश्यों
sanskaar,संस्कार,संस्कार
sanskar,संस्कार,संस्कर
sanskaari,संस्कारी,संस्कारी
sanskari,संस्कारी,संस्करी
sanskrit,संस्कृत,सांस्कृतित
sanskurt,संस्कृत,संस्कुर्त
sanskritiyan,संस्कृतियां,संस्कृतियां
sanskrutiyan,संस्कृतियां,संस्कृतियां
sanskritiyon,संस्कृतियों,संस्कृतियों
sanskrutiyon,संस्कृतियों,संस्कृतियों
sanasthit,संस्थित,सनस्थितित
sansthit,संस्थित,संस्थितित
sanasthita,संस्थिता,संस्थिता
sansthita,संस्थिता,संस्थिता
sakara,सकरा,सकारा
sakra,सकरा,सक्रा
sakshan,सक्शन,साक्षण
suction,सक्शन,सच्किशन
sacchidanand,सच्चिदानंद,सच्चिड़नंद
sachhidanand,सच्चिदानंद,सच्चिदनंद
sachidanand,सच्चिदानंद,सचीदनंद
sajja,सज्जा,सज्जाजा
sat,सत,तत्त
satpal,सतपाल,सतपालाल
satluj,सतलुज,सतलूजूज
sataane,सताने,सताने
satane,सताने,सतने
sate,सते,तेते
satti,सत्ती,सत्तीती
satvat,सत्वत,सत्वतात्तत
sadanand,सदानंद,डेनांडेंड
sapane,सपने,सपनेे
sapne,सपने,सपने
sapney,सपने,सपनेये
saparivaar,सपरिवार,सपरिवार
sapariwar,सपरिवार,सपरिवार
sparivar,सपरिवार,स्परिवार
sapaat,सपाट,पापत
sapat,सपाट,पाटत
sapate,सपाटे,सपटेटे
sapatey,सपाटे,सपटेये
saptakranti,सप्तक्रांति,सप्तकरणती
saptkraanti,सप्तक्रांति,सप्तक्रांति
saptapadi,सप्तपदी,सप्तपदी
saptpadi,सप्तपदी,सप्तपदी
saptari,सप्तरी,सप्तऋरी
sapramaan,सप्रमाण,सप्रमाण
sapraman,सप्रमाण,सप्रमण
submit,सबमिट,सबमीतित
sabmission,सबमिशन,सबमीशियों
submission,सबमिशन,सबमिसियों
sabhaein,सभाएं,सभाईं
sabhaen,सभाएं,सभाएं
sabhayen,सभाएं,सभाएं
sabhen,सभाएं,भाषें
sabhasadon,सभासदों,सभासादों
sabhyata,सभ्यता,सभ्यता
samjhoonga,समझूंगा,समझूंगा
samjhunga,समझूंगा,समझुंगा
samjhungaa,समझूंगा,समझुंगा
saman,समन,समान
samanvayaka,समन्वयक,समन्वयक
samanwayaka,समन्वयक,समन्वयक
samnvyak,समन्वयक,समन्वयक
samaadhaan,समाधान,समाधान
samadhan,समाधान,समधान
samadhiyon,समाधियों,समाधियों
samadjiyon,समाधियों,समादजियों
samalakha,समालखा,समालखा
samalakhaa,समालखा,समालाखा
samahaar,समाहार,समाहारा
samahar,समाहार,समाहर
samitiyan,समितियां,समीतियां
sametati,समेटती,समेटती
sametti,समेटती,समेट्टी
sarka,सरका,सरका
sarkaa,सरका,सरका
sarkarein,सरकारें,सरकारें
sarkaren,सरकारें,सरकरें
sarkaaron,सरकारों,सरकारों
sarkaron,सरकारों,सरकरों
sargana,सरगना,सरगना
sarganaon,सरगनाओं,सरगनाओं
sargi,सरगी,सरगीजी
sarguja,सरगुजा,सरगुजा
sarjuga,सरगुजा,सर्जुगा
sarsa,सरसा,सरसा
sarsaa,सरसा,सरसा
sarahind,सरहिंद,रारिंद
sarhind,सरहिंद,राहिंद
sirhind,सरहिंद,शिरहिंद
saraaha,सराहा,सराहा
saraha,सराहा,सराहा
saraahi,सराही,सराही
sarahi,सराही,सराही
salaahkar,सलाहकार,सलाहकार
salahkaar,सलाहकार,सलाहकार
salahkar,सलाहकार,सलाहकार
saleeb,सलीब,लीबाब
salib,सलीब,लाबिबाब
select,सलेक्ट,सेलेक्टिक्ट
saltanat,सल्तनत,सलतानतता
saltnat,सल्तनत,सलत्नततात
savaal,सवाल,वासला
saval,सवाल,वालावल
sawaal,सवाल,वालाला
sawal,सवाल,वालावल
sahakalaakar,सहकलाकार,सहकालकर
sahakalakar,सहकलाकार,सहकालकर
sahkalakar,सहकलाकार,सहकालकर
sahadev,सहदेव,सहदेवेव
sahdev,सहदेव,सादेवेवे
sahrawat,सहरावत,सहृवतावत
sherawat,सहरावत,शेरावत
sahooliyata,सहूलियत,सहूलियता
sahuliyat,सहूलियत,सहुलियत
sahuuliyata,सहूलियत,सहूलियता
saanketika,सांकेतिक,सांकेतिका
sanketik,सांकेतिक,संकेतिक
saimans,साइमंस,सैमांस
simmons,साइमंस,समिमोंस
symons,साइमंस,सिमोंस
saima,साइमा,मैमा
sagarika,सागरिका,सगरिका
sagrika,सागरिका,सग्रिका
saga,सागा,गागागा
saajan,साजन,साजन
sajan,साजन,सजनान
saajsajja,साजसज्जा,साजसज्जाज
sajsajja,साजसज्जा,सजसज्जाज
saja,साजा,जाजाजा
saathsaath,साथसाथ,साठस्थाथ
sathsath,साथसाथ,सठस्थाठ
sathiya,साथिया,साथिया
saabah,साबाह,साबह
sabah,साबाह,बाहाभा
samanjasy,सामंजस्य,समानजास्यस्य
samanjasya,सामंजस्य,समानजास्यास्य
samoa,सामोआ,समोमा
samoaa,सामोआ,समोआ
saayn,सायं,यान्य
sayan,सायं,यानयन
saym,सायं,मयम
saira,सायरा,रैरायारा
sayara,सायरा,यायरायारा
sayra,सायरा,यरयाराया
salve,साल्वे,सलवे
sahab,साहब,शाबाब
singapore,सिंगापुर,सिंगपोर
singaar,सिंगार,सिंगारा
singar,सिंगार,सिंगार
singer,सिंगार,सिंगर
singhaadey,सिंघाड़े,सिंहादेय
singhade,सिंघाड़े,सिंहदे
singhde,सिंघाड़े,सिंहदे
singhre,सिंघाड़े,सिंहरे
singhi,सिंघी,सिंही
singha,सिंहा,शिंघा
sinha,सिंहा,सिंहा
siera,सिएरा,सियरा
sierra,सिएरा,सीईरायरा
sikud,सिकुड़,सिकुड़
signals,सिगनल्स,सिग्नलस
cigaretton,सिगरेटों,सिगरेटों
cigretton,सिगरेटों,सिग्रेटों
siddhivat,सिद्धवट,सिद्धिवत्वत
siddhvat,सिद्धवट,सिद्धवत्त
siddhwat,सिद्धवट,सिद्धवत्त
sinabang,सिनाबंग,सिनबंग
synapse,सिनेप्स,सिनपेसे
sipah,सिपाह,सिपहा
sipaha,सिपाह,सिपहा
sipahiyon,सिपाहियों,सिपहियों
sipahi,सिपाही,सिपही
sim,सिम,सीमी
simat,सिमट,सिमतत
simatataa,सिमटता,सिमतता
simatta,सिमटता,सिमटता
simtata,सिमटता,सिमतताता
simtataa,सिमटता,सिमतताता
cement,सिमटे,मेंटेंट
simate,सिमटे,सिमते
simi,सिमी,सिमी
simmy,सिमी,मिम्यमय
sims,सिम्स,सिम्स
siyasi,सियासी,सियासी
siyah,सियाह,सियाहियाह
siyaha,सियाह,सियाहायाह
sirpur,सिरपुर,सीरपुर
sivan,सिवान,सिवानन
siwan,सिवान,सिवानन
sisva,सिसवा,सिस्वा
siswa,सिसवा,सिस्वा
cil,सीआईएल,लिक्लि
csi,सीएसआई,स्सिसी
sikar,सीकर,सिकार
seaten,सीटें,सेटें
sitaram,सीताराम,सीतारम
sitaharan,सीताहरण,सिताहरण
cpm,सीपीएम,स्पम्म
cps,सीपीएस,स्प्स
cbse,सीबीएसई,स्बसेसे
seem,सीम,ईमिम
sim,सीम,सीमी
sealed,सील्ड,लेद
shield,सील्ड,शील्ड
ccd,सीसीडी,डक्डीडेड
sugamata,सुगमता,सुगमता
sugmta,सुगमता,सुम्ता
sujan,सुजेन,सुजन्न
sujen,सुजेन,सुजें
suken,सुजेन,कुसनें
sujain,सुजैन,उजाइनें
sujhaati,सुझाती,सुझाती
sujhati,सुझाती,सुझाती
sutali,सुतली,सूतली
sutli,सुतली,ट्ली
suta,सुता,तुता
sdueep,सुदीप,द्वुपीप
sudip,सुदीप,दुसीपी
sudhaargrah,सुधारगृह,सुधारग्रह
sudhargrih,सुधारगृह,सुधारग्रही
sudhargruh,सुधारगृह,सुधारग्रुह
sunaaron,सुनारों,नुनारों
sunaron,सुनारों,नुनरों
sunaseer,सुनासीर,अनसीरी
sunasir,सुनासीर,उनसीरी
suneeti,सुनीति,सुनीति
suniti,सुनीति,सुनीटी
sunega,सुनेगा,सुनेगा
suneyga,सुनेगा,सुनेगा
superhit,सुपरहिट,सुपरहीतित
supachy,सुपाच्य,पुचाछ्य
supachya,सुपाच्य,सुपच्या
supachye,सुपाच्य,सुपच्ये
subhaay,सुभाय,बुभायाया
subhay,सुभाय,भूभय
surveen,सुरवीन,सूर्वीन
survin,सुरवीन,सर्विनियन
surana,सुराणा,रुनाना
sulkhan,सुलखान,सुल्खन
suljaayi,सुलझाई,सुलझायी
suljayi,सुलझाई,सुलझाई
suljhai,सुलझाई,लुझझाई
sulzai,सुलझाई,सुलझाई
sultana,सुलताना,सुल्ताना
sulaati,सुलाती,सुलाती
sulati,सुलाती,सुलती
susanskrit,सुसंस्कृत,सुसंस्कृति
susanskrut,सुसंस्कृत,सुसंस्कृत
suhagin,सुहागिन,सुहागिन
soond,सूंड़,दूंद
sund,सूंड़,दंड
suiyan,सूइयां,इसायन
sukhati,सूखती,सुखती
sukhti,सूखती,सुख्ती
sukhakar,सूखाकर,सुखाकर
soochak,सूचक,ऊूचक
suchak,सूचक,चुचक
sooja,सूजा,सूजा
suja,सूजा,जुजा
suba,सूबा,बाबाब
sube,सूबे,बबे
sooraj,सूरज,ऊूजारज
suraj,सूरज,रुजारज
surinaam,सूरीनाम,सुरिनामा
surinama,सूरीनाम,सुरिनामा
suriname,सूरीनाम,सरीनमे
suryadev,सूर्यदेव,सुर्यदेव
sendha,सेंधा,देनधाहा
senvai,सेंवई,सेंवैई
sevai,सेंवई,सेवाई
sensing,सेंसिंग,सेंसिंग
sexual,सेक्सुअल,सेक्वायल
saturday,सेटरडे,सतुर्दय
seti,सेटी,सेती
seto,सेटो,तेतोओतों
seth,सेथ,देठीठ
safety,सेफ्टी,सफेट्य
semen,सेमिन,सेमनें
semin,सेमिन,सेमिन
self,सेल्फ,लेफ्फ्फफ
selfie,सेल्फी,सेल्फी
save,सेव,वेवे
sev,सेव,वेवेवेवे
sevakon,सेवकों,सेवाकों
sevkon,सेवकों,सेवकों
samuels,सैम्युल्स,समुलस्स
celery,सैलरी,सेलियरी
salary,सैलरी,सलार्य
sakar,सॉकर,कारकार
socar,सॉकर,सोकार
soccer,सॉकर,सोक्सर
songs,सॉन्ग्स,संगसंस
solicitor,सॉलिसिटर,सोलिसिटर
sochane,सोचने,सोचने
sochne,सोचने,सोचने
sonu,सोनू,उनुअुअुणुसुनु
soma,सोमा,मोमा
spma,सोमा,स्पमा
somi,सोमी,सोमी
soy,सोय,योयोयोयोयोय
soya,सोया,योयाया
solitaire,सोलिटेयर,सोलितायर
soharai,सोहराई,सोहारै
sohrai,सोहराई,सोहरैै
sohaval,सोहावल,सोहावल
sohawal,सोहावल,सोहावल
saunpane,सौंपने,सौंपने
sonpne,सौंपने,सौंपने
scala,स्काला,स्कला
skala,स्काला,स्कला
ski,स्की,क्सिकी
scootaron,स्कूटरों,स्कूटरों
scooteron,स्कूटरों,स्कूटरों
skootaron,स्कूटरों,स्कूटरों
scandinavia,स्कैंडिनेविया,स्कंदीनवी
scaining,स्कैनिंग,स्कैनिंग
scanning,स्कैनिंग,स्केनिंग
squash,स्क्वाश,स्काश
squash,स्क्वैश,स्काश
skhalan,स्खलन,स्खलन
stain,स्टैन,स्टैनें
stan,स्टैन,स्टैनन
stop,स्टॉप,प्टोपॉप
stops,स्टॉप्स,स्तोप्स
stone,स्टोन,स्टनीने
straws,स्ट्रास,स्त्रवस
stress,स्ट्रास,स्त्रीस
stra,स्ट्रे,स्रता
stray,स्ट्रे,स्ट्रेय
stre,स्ट्रे,स्त्री
strocks,स्ट्रोक्स,स्ट्रॉक्स
strokes,स्ट्रोक्स,स्त्रोक्स
stan,स्तन,स्टैनन
stanadhari,स्तनधारी,स्तनधारी
standhaari,स्तनधारी,स्तंधारी
standhari,स्तनधारी,स्तंधारी
sthiti,स्तिथि,स्थिति
stithi,स्तिथि,स्तिथि
stuti,स्तुति,स्तुती
sthitiyaan,स्थितियां,स्थितियां
sthitiyan,स्थितियां,स्थितियां
sthitiyon,स्थितियों,स्थितियों
sthool,स्थूल,स्थूलूल
sthul,स्थूल,शतलुल
sthoolta,स्थूलता,स्थूलता
sthulata,स्थूलता,स्थुलता
sneakers,स्नीकर्स,स्नेकर्स
snickers,स्नीकर्स,न्सिकर्स
snikarse,स्नीकर्स,स्नीकर्से
spear,स्पीयर,प्सीयर
spell,स्पेल,प्सल्ल्ल
spelar,स्पेलर,प्सीलार
speller,स्पेलर,स्पलर
sprint,स्प्रिट,प्रिंट
sprit,स्प्रिट,प्रिटिट
spray,स्प्रे,स्प्रेय
spry,स्प्रे,प्रीयर्य
sfoorti,स्फूर्ति,स्फूर्ती
sfurti,स्फूर्ति,स्फूर्ती
sphoorti,स्फूर्ति,स्फूर्ती
slide,स्लाइड,स्लीडे
slider,स्लाइडर,स्लाइडर
slaaidon,स्लाइडों,स्लाइडों
slidon,स्लाइडों,स्लिदों
sliders,स्लाइड्स,स्लाइडर्स
slides,स्लाइड्स,स्लाइडेस
slice,स्लाइस,स्लिसेस
slash,स्लैश,शाशशाश
swaroopon,स्वरुपों,स्वरूपों
swarupon,स्वरुपों,स्वरूपों
swa,स्वा,व्सवा
swaachaalit,स्वाचालित,स्वाचालितित
swachalit,स्वाचालित,स्वचालितित
swaarthparak,स्वार्थपरक,स्वार्थपकर
swarthparak,स्वार्थपरक,स्वर्थपारक
swiftlate,स्विफ्टलेट,स्विफ्टलेट
swiftlet,स्विफ्टलेट,स्विफ्टलेट
sweekarte,स्वीकारते,स्वीकारते
swikarte,स्वीकारते,स्वीकारते
sweet,स्वीट,व्यीटीट
sweep,स्वीप,व्लीप
sweccha,स्वेच्छा,स्वेच्छा
swecha,स्वेच्छा,स्वेच्छा
swechha,स्वेच्छा,स्वेच्छा
sweta,स्वेता,स्वेता
swap,स्वैप,व्पाप
swipe,स्वैप,स्वीपे
handiya,हंडिया,हंदिया
handiyaa,हंडिया,हंदिया
hundiya,हंडिया,हुंडिया
hakikat,हकीकत,हाकिकता
haqeeqat,हकीकत,हकीकत
hathiya,हथिया,हथिया
hamala,हमला,हमला
hamla,हमला,हमला
hamalavar,हमलावर,हमलावर
hamlavar,हमलावर,हमलावर
humlavar,हमलावर,हमलावर
hamaal,हमाल,हमाला
hamal,हमाल,मालमला
hercules,हरक्यूलिस,हेरकुलेस
hardas,हरदास,हरदास
harpaal,हरपाल,हरपाला
harpal,हरपाल,हरपाला
harvansh,हरवंश,रावरंश
haraval,हरावल,हरावल
harawal,हरावल,हरावल
hurricane,हरिकेन,हर्रिकने
harijan,हरिजन,हरिजन
hariyali,हरियाली,हरियालियी
harshit,हर्षित,हर्षित
haldi,हल्दी,हल्दी
halla,हल्ला,हल्ला
hawamahal,हवामहल,हवामाहला
hawalaat,हवालात,हवालताता
hawalat,हवालात,हवालताता
hasino,हसीनों,हासनों
hasinon,हसीनों,हासनों
haan,हां,नाँण
han,हां,न्न
haanfte,हांफते,हांफतेते
hafate,हांफते,हफाते
hanfte,हांफते,हन्तते
higman,हाइमन,हिग्मन
hymen,हाइमन,ह्मिनें
hadauti,हाड़ौती,हड़ती
haani,हानी,नानी
hani,हानी,नानी
haarjeet,हारजीत,हार्जितत
harjeet,हारजीत,हर्जितत
haaranaa,हारना,हारणा
harana,हारना,हरणा
harna,हारना,हरना
haalchaal,हालचाल,हालचालाल
haalchal,हालचाल,हालचला
halchaal,हालचाल,हलचलाला
halchal,हालचाल,हलचला
halt,हाल्ट,ट्लट्टल
hault,हाल्ट,लौटलत
hahakar,हाहाकार,हाकाड़कार
hingis,हिंगिस,हिंगीसिस
hindan,हिंडन,हिंदनन
hindon,हिंडन,इंडोनों
hijada,हिजड़ा,दिजड़ाड़ा
hijda,हिजड़ा,दिजड़ा
hijbul,हिजबुल,हिजबुल्बुल
hippo,हिप्पो,पीपोपोपोपोपो
hippopotamus,हिप्पोपोटेमस,हिप्पोतमूस
himali,हिमाली,हिमली
hilane,हिलने,हिलने
hilne,हिलने,हिलने
hisham,हिशाम,हिशम
heeraganj,हीरागंज,हीरागंज
hiraganj,हीरागंज,हिरागंज
heroes,हीरोज,हेरोएस
heros,हीरोज,रेरॉस
hui,हुईं,इयुई
huin,हुईं,इनइन
hooper,हूपर,हुपर
huppar,हूपर,हुपर
hupper,हूपर,फुपर
hegde,हेगडे,हेगदे
hemvati,हेमवती,हेमवतीती
hemwati,हेमवती,हेमवाती
help,हेल्प,लेलप्प
helper,हेल्पर,हेलपेर
haito,हैतो,तैतोोतो
hairam,हैरम,हैरामा
harem,हैरम,एरेमें
herald,हैराल्ड,हिरल्ड
haive,हैव,एवेवे
have,हैव,वाएवे
hong,हॉन्ग,गोंग
half,हॉफ,फल्फफल्फफ
hoaf,हॉफ,फोफाफ़
hounga,होऊंगा,हाउंगा
holding,होल्डिंग,होल्डिंग
hoshangabaad,होशंगाबाद,होशंगाबाद
hoshangabad,होशंगाबाद,होशंगाबाद
hostes,होस्टेस,ऑस्टेसेस
hostess,होस्टेस,ऑस्टेस्स
